tconst	parentTconst	seasonNumber	episodeNumber
tt0283221	tt0866639	2	4
tt0307017	tt0896232	\N	\N
tt0317724	tt0896232	\N	\N
tt0339205	tt0896232	\N	\N
tt0339206	tt0896232	\N	\N
tt0347251	tt0896232	\N	\N
tt0353557	tt0896232	\N	\N
tt0353560	tt0896232	\N	\N
tt0359480	tt0896232	\N	\N
tt0380449	tt0896232	\N	\N
tt0382756	tt0896232	\N	\N
tt0389037	tt0896232	\N	\N
tt0394775	tt0096641	\N	\N
tt0395322	tt0896232	\N	\N
tt0395323	tt0896232	\N	\N
tt0395324	tt0896232	\N	\N
tt0399199	tt0896232	\N	\N
tt0479077	tt0896232	\N	\N
tt0502271	tt0078558	2	1
tt0502279	tt0078558	1	4
tt0533995	tt0306867	\N	\N
tt0534227	tt0335632	\N	\N
tt0541964	tt0147756	1	6
tt0541965	tt0147756	3	5
tt0541966	tt0147756	3	8
tt0541967	tt0147756	3	7
tt0541969	tt0147756	3	2
tt0541970	tt0147756	2	12
tt0541971	tt0147756	1	10
tt0541972	tt0147756	3	1
tt0541973	tt0147756	2	8
tt0541974	tt0147756	3	4
tt0541975	tt0147756	3	6
tt0541976	tt0147756	2	1
tt0551448	tt0182568	6	9
tt0554957	tt0063890	2	157
tt0554962	tt0063890	2	200
tt0561062	tt0046593	4	2
tt0561426	tt0443368	2	13
tt0561435	tt0443368	2	8
tt0563207	tt0241383	1	20
tt0563772	tt0241383	1	19
tt0579910	tt0081863	2	22
tt0592461	tt0056761	1	24
tt0593852	tt0398553	1	3
tt0602877	tt0484803	1	1
tt0602878	tt0484803	1	10
tt0602879	tt0484803	1	11
tt0602880	tt0484803	1	12
tt0602881	tt0484803	1	13
tt0602882	tt0484803	1	14
tt0602883	tt0484803	1	2
tt0602884	tt0484803	1	4
tt0602885	tt0484803	1	5
tt0602886	tt0484803	1	6
tt0602887	tt0484803	1	7
tt0602888	tt0484803	1	8
tt0602889	tt0484803	1	9
tt0611912	tt0384744	\N	\N
tt0613104	tt0197161	4	1
tt0614280	tt0415456	1	5
tt0615524	tt0165034	1	3
tt0617349	tt0056767	1	19
tt0643318	tt0055688	6	94
tt0644659	tt0112066	1	15
tt0647972	tt0170980	10	139
tt0651146	tt0177453	1	2
tt0659278	tt0115289	1	7
tt0665641	tt0397182	\N	\N
tt0696473	tt0240295	\N	\N
tt0696474	tt0240295	\N	\N
tt0696476	tt0240295	\N	\N
tt0696477	tt0240295	\N	\N
tt0696478	tt0240295	\N	\N
tt0696480	tt0240295	\N	\N
tt0696481	tt0240295	\N	\N
tt0696482	tt0240295	\N	\N
tt0696483	tt0240295	\N	\N
tt0696484	tt0240295	\N	\N
tt0696485	tt0240295	\N	\N
tt0696486	tt0240295	\N	\N
tt0696487	tt0240295	\N	\N
tt0696488	tt0240295	\N	\N
tt0696489	tt0240295	\N	\N
tt0696490	tt0240295	\N	\N
tt0696491	tt0240295	\N	\N
tt0696492	tt0240295	\N	\N
tt0696493	tt0240295	\N	\N
tt0696495	tt0240295	\N	\N
tt0696496	tt0240295	\N	\N
tt0696498	tt0240295	\N	\N
tt0696499	tt0240295	\N	\N
tt0696500	tt0240295	\N	\N
tt0696501	tt0240295	\N	\N
tt0696502	tt0240295	\N	\N
tt0696503	tt0240295	\N	\N
tt0696509	tt0240295	\N	\N
tt0696510	tt0240295	\N	\N
tt0696511	tt0240295	\N	\N
tt0696512	tt0240295	\N	\N
tt0696513	tt0240295	\N	\N
tt0696515	tt0240295	\N	\N
tt0696516	tt0240295	\N	\N
tt0696517	tt0240295	\N	\N
tt0696518	tt0240295	\N	\N
tt0696519	tt0240295	\N	\N
tt0696520	tt0240295	\N	\N
tt0696521	tt0240295	\N	\N
tt0696522	tt0240295	\N	\N
tt0696523	tt0240295	\N	\N
tt0696524	tt0240295	\N	\N
tt0696525	tt0240295	\N	\N
tt0696526	tt0240295	\N	\N
tt0696527	tt0240295	\N	\N
tt0696528	tt0240295	\N	\N
tt0696529	tt0240295	\N	\N
tt0696530	tt0240295	\N	\N
tt0696532	tt0240295	\N	\N
tt0696533	tt0240295	\N	\N
tt0696534	tt0240295	\N	\N
tt0696535	tt0240295	\N	\N
tt0696536	tt0240295	\N	\N
tt0696537	tt0240295	\N	\N
tt0710586	tt0219457	7	25
tt0726124	tt0108965	1	9
tt0737293	tt0360314	\N	\N
tt0737295	tt0360314	\N	\N
tt0739509	tt0101232	1	4
tt0739721	tt0400051	3	12
tt0744774	tt0281521	2	14
tt0747407	tt0050077	2	2
tt0757586	tt0421427	1	48
tt0758594	tt0292805	2	1
tt0759145	tt0484803	1	3
tt0760897	tt0106052	13	78
tt0763624	tt0088517	10	8
tt0764489	tt0384744	\N	\N
tt0764548	tt0456104	1	10
tt0764554	tt0456104	1	9
tt0764555	tt0456104	1	11
tt0764558	tt0456104	1	8
tt0767403	tt0240295	\N	\N
tt0778440	tt0240295	\N	\N
tt0792332	tt0078647	1	1
tt0797983	tt0283707	\N	\N
tt0797994	tt0283707	\N	\N
tt0819260	tt0240295	\N	\N
tt0819261	tt0240295	\N	\N
tt0823572	tt0065323	37	4
tt0838808	tt0818152	1	3
tt0839691	tt0815086	1	13
tt0854209	tt0847611	1	1
tt0857787	tt0804414	1	3
tt0868009	tt0804414	1	6
tt0871324	tt0162108	1	1
tt0871325	tt0162108	1	2
tt0879218	tt0833404	1	1
tt0899704	tt0155429	1	1
tt0930809	tt0147756	2	4
tt0944425	tt0055680	1	3
tt0946331	tt0458270	1	11
tt0946336	tt0458270	1	12
tt0946339	tt0458270	1	10
tt0956809	tt0884294	1	61
tt0956812	tt0884294	1	28
tt0959814	tt0458270	1	20
tt0959820	tt0458270	2	2
tt0968663	tt0360314	\N	\N
tt0974993	tt0884294	1	22
tt0980711	tt0162108	1	6
tt0980712	tt0162108	1	3
tt0980713	tt0162108	1	5
tt0980714	tt0162108	1	4
tt0984515	tt0866639	2	5
tt0984679	tt0384767	2	2
tt0999248	tt0428163	1	9
tt0999249	tt0428163	1	7
tt0999250	tt0428163	1	6
tt0999251	tt0428163	1	5
tt0999252	tt0428163	1	10
tt0999253	tt0428163	1	2
tt0999254	tt0428163	1	3
tt0999255	tt0428163	1	8
tt0999256	tt0428163	1	1
tt1000219	tt0147756	1	8
tt10007578	tt9170658	2	3
tt10014586	tt0062595	1	5796
tt10014594	tt0062595	1	5799
tt10016470	tt9916380	1	1
tt10016510	tt9916380	1	2
tt10048018	tt9833584	1	5
tt1007457	tt0055688	7	56
tt1007848	tt1000543	1	2
tt10090288	tt10085008	1	1
tt10105078	tt1915208	1	283
tt10125682	tt10085008	1	2
tt10151530	tt1915208	1	284
tt10157066	tt3989678	1	16
tt10163226	tt8618624	\N	\N
tt1016461	tt0065272	\N	\N
tt10166974	tt10085008	1	3
tt10166992	tt10085008	1	4
tt10166996	tt10085008	1	5
tt10177462	tt9170658	2	4
tt1017767	tt0458270	2	15
tt10179292	tt9170658	2	5
tt10179308	tt9170658	2	6
tt10196520	tt4489232	7	15
tt10197196	tt10192554	1	1
tt10197828	tt9916380	1	6
tt10197842	tt9916380	1	8
tt10197874	tt9916380	1	10
tt10261256	tt5270892	\N	\N
tt10262456	tt6232304	2	13
tt10262458	tt6232304	2	12
tt10283210	tt10085008	1	6
tt10283244	tt10085008	1	7
tt10283282	tt10085008	1	8
tt10294700	tt1915208	1	286
tt10319742	tt6232304	2	11
tt10319834	tt6232304	2	14
tt10327684	tt1740717	4	12
tt10327690	tt1740717	4	13
tt10327694	tt1740717	5	1
tt10327700	tt1740717	4	2
tt10343936	tt10059674	1	4
tt10373340	tt10369404	1	1
tt10389952	tt6314992	1	6
tt10398066	tt10383870	1	1
tt10398098	tt10383870	1	2
tt10398276	tt10383870	1	3
tt10437294	tt9646546	2	6
tt1050876	tt0459065	2	22
tt10552440	tt10438456	1	2
tt10560642	tt4014320	3	3
tt10560648	tt4014320	3	4
tt10560652	tt4014320	3	5
tt10560656	tt4014320	3	6
tt10560672	tt4014320	3	10
tt10560680	tt4014320	3	12
tt10580684	tt10434008	\N	\N
tt10582078	tt10473284	\N	\N
tt10588438	tt10582106	1	6
tt10602986	tt10434008	\N	\N
tt10606124	tt10383870	1	4
tt10611100	tt10483578	\N	\N
tt10619652	tt3824066	3	1
tt10622418	tt10383870	1	5
tt10627542	tt10627300	1	10
tt10697272	tt9170658	2	7
tt10735380	tt9646546	3	5
tt10756292	tt3824066	3	5
tt10757300	tt4775414	7	5
tt10768542	tt10768188	4	3
tt10776624	tt9646546	3	6
tt10792500	tt10790842	1	0
tt10792594	tt10790842	1	1
tt10793818	tt10790842	1	2
tt10793856	tt10790842	1	3
tt10793912	tt10790842	1	4
tt10793980	tt10790842	1	5
tt10794006	tt10790842	1	6
tt10794024	tt10790842	1	7
tt10794056	tt10790842	1	8
tt10794086	tt10790842	1	9
tt10794100	tt10790842	1	10
tt10794140	tt10790842	1	11
tt10794166	tt10790842	1	12
tt10794204	tt10790842	1	13
tt10794248	tt10790842	1	14
tt10794302	tt10790842	1	15
tt10794332	tt10790842	1	16
tt10794346	tt10790842	1	17
tt10794360	tt10790842	1	18
tt10794402	tt10790842	1	20
tt10794420	tt10790842	1	19
tt10794442	tt10790842	1	21
tt10794458	tt10790842	1	22
tt10794514	tt10790842	2	1
tt10794560	tt10790842	2	2
tt10794588	tt10790842	2	3
tt10794608	tt10790842	2	4
tt10794626	tt10790842	2	5
tt10794644	tt10790842	2	6
tt10794660	tt10790842	2	7
tt10794680	tt10790842	2	8
tt10794720	tt10790842	2	0
tt10794746	tt10790842	2	10
tt10794764	tt10790842	2	11
tt10794778	tt10790842	2	12
tt10795682	tt10768188	4	6
tt10796048	tt10790842	2	13
tt10796054	tt10790842	2	14
tt10796070	tt10790842	2	15
tt10796102	tt10790842	2	16
tt10796144	tt10790842	2	17
tt10796160	tt10790842	2	18
tt10796168	tt10790842	2	19
tt10796198	tt10790842	2	20
tt10796208	tt10790842	2	21
tt10796216	tt10790842	2	22
tt10796222	tt10790842	2	23
tt10796230	tt10790842	2	24
tt10796244	tt10790842	2	25
tt10796248	tt10790842	2	26
tt10796270	tt10790842	2	27
tt10796292	tt10790842	2	28
tt10796298	tt10790842	2	29
tt10796302	tt10790842	2	30
tt10796312	tt10790842	2	31
tt10796340	tt10790842	2	32
tt10796358	tt10790842	2	33
tt10796374	tt10790842	2	34
tt10796692	tt10790842	2	35
tt10797238	tt10790842	2	36
tt10797290	tt10790842	2	37
tt10797406	tt10790842	2	39
tt10797530	tt10790842	2	40
tt10797758	tt10790842	3	0
tt10798642	tt10790842	3	1
tt10798658	tt10790842	3	3
tt10798674	tt10790842	3	4
tt10801584	tt10790842	3	5
tt10801598	tt10790842	3	6
tt10801606	tt10790842	3	7
tt10801622	tt10790842	3	8
tt10801644	tt10790842	3	9
tt10814582	tt9646546	3	7
tt10821500	tt10768188	5	11
tt10825380	tt10790842	3	10
tt10825394	tt10790842	3	11
tt10825414	tt10790842	3	12
tt10825426	tt10790842	3	13
tt10825486	tt10790842	3	18
tt10825496	tt10790842	3	19
tt10825542	tt10790842	3	20
tt10825562	tt10790842	3	21
tt10825578	tt10790842	3	22
tt10825586	tt10790842	3	23
tt10825604	tt10790842	3	24
tt10825690	tt10790842	3	25
tt10825720	tt10790842	3	26
tt10825742	tt10790842	3	27
tt10825764	tt10790842	3	28
tt10825778	tt10790842	3	29
tt10825792	tt10790842	3	30
tt10825820	tt10790842	3	31
tt10825834	tt10790842	3	32
tt10825840	tt10790842	3	33
tt10825856	tt10790842	3	34
tt10825864	tt10790842	3	35
tt1084409	tt0172025	2	6
tt10867894	tt10680606	1	30
tt10887274	tt9646546	3	9
tt10902966	tt5595268	4	10
tt10913940	tt5595268	4	13
tt10921922	tt6116212	3	6
tt10925892	tt9646546	3	10
tt10933658	tt10933178	1	1
tt1093680	tt0805905	1	14
tt10943462	tt4489232	7	16
tt10943772	tt10943608	1	1
tt10959080	tt5270892	\N	\N
tt10968034	tt9646546	3	11
tt1098276	tt0384767	1	26
tt1098285	tt0384767	1	18
tt10991024	tt10933400	2	22
tt10999066	tt6987380	5	1
tt10999128	tt6987380	5	2
tt10999156	tt6987380	5	3
tt10999196	tt6987380	5	4
tt10999330	tt6987380	5	5
tt10999332	tt6987380	5	6
tt1106675	tt0098868	1	2
tt1106940	tt0147756	2	6
tt1106941	tt0147756	2	11
tt1106942	tt0147756	3	10
tt1106943	tt0147756	1	3
tt1106944	tt0147756	2	2
tt1106945	tt0147756	2	3
tt1106946	tt0147756	2	9
tt1106947	tt0147756	3	9
tt1106948	tt0147756	1	9
tt1106949	tt0147756	2	5
tt1106951	tt0147756	1	2
tt1106952	tt0147756	2	10
tt1106953	tt0147756	2	7
tt1106954	tt0147756	1	4
tt11079978	tt9145184	1	2
tt11079990	tt9145184	1	3
tt11079998	tt9145184	1	4
tt11080004	tt9145184	1	5
tt11096584	tt9022950	1	30
tt11097152	tt9145184	1	6
tt1111651	tt0780365	1	3
tt11131314	tt0111875	11	24
tt11155882	tt6987380	5	10
tt11155884	tt6987380	5	9
tt11155886	tt6987380	5	8
tt11155888	tt6987380	6	1
tt11155890	tt6987380	5	7
tt1117058	tt0870039	1	15
tt11170784	tt9646546	3	17
tt1120195	tt0870039	1	1
tt11211468	tt11207734	3	12
tt11211494	tt11207734	3	11
tt11211514	tt11207734	3	10
tt11211546	tt11207734	3	9
tt11211634	tt11207734	3	4
tt11211650	tt11207734	3	5
tt11212130	tt11207734	2	13
tt1121528	tt1092502	\N	\N
tt1121529	tt1092502	\N	\N
tt1121536	tt1092502	\N	\N
tt11238788	tt11238614	1	1
tt11242644	tt11238614	1	2
tt11242652	tt11238614	1	3
tt11242660	tt11238614	1	4
tt11242666	tt11238614	1	5
tt11242668	tt11238614	1	6
tt11242672	tt11238614	1	7
tt11242674	tt11238614	1	8
tt11264470	tt11244786	1	4
tt11264492	tt11244786	1	5
tt11264588	tt11244786	1	6
tt11264662	tt11244786	1	7
tt11264702	tt11244786	1	8
tt11264792	tt11244786	1	9
tt11264816	tt11244786	1	10
tt11264864	tt11244786	1	11
tt11264898	tt11244786	1	12
tt11264926	tt11244786	1	13
tt11265088	tt11244786	1	16
tt11265222	tt11244786	1	17
tt11265270	tt11244786	1	18
tt11284360	tt11207734	2	42
tt11291248	tt11291234	1	1
tt11291250	tt11291234	1	2
tt11291252	tt11291234	1	3
tt11291258	tt11291234	1	4
tt11291260	tt11291234	1	5
tt11291264	tt11291234	1	8
tt11291272	tt11291234	1	6
tt1129461	tt1126592	1	5
tt1131158	tt0983411	1	1
tt11317488	tt9537090	1	2
tt11317502	tt9537090	1	3
tt11317504	tt9537090	1	4
tt11317506	tt9537090	1	5
tt11322940	tt11317550	1	2
tt11323010	tt11317550	1	3
tt11323398	tt9537090	1	6
tt1132924	tt0870039	1	8
tt11347948	tt9532278	1	1
tt11352710	tt9022950	1	60
tt1136256	tt0870039	1	9
tt1136346	tt0384744	1	2
tt1136348	tt0384744	1	4
tt11378518	tt5347876	4	6
tt11378522	tt5347876	4	7
tt11378526	tt5347876	4	8
tt11378528	tt5347876	4	9
tt11378532	tt5347876	4	10
tt11378534	tt5347876	4	11
tt11378538	tt5347876	4	13
tt11385940	tt4654002	\N	\N
tt11433558	tt10768188	6	6
tt11440092	tt6987380	6	2
tt11444562	tt4489232	7	17
tt11444584	tt4489232	7	18
tt11464370	tt11464266	1	1
tt11493078	tt4489232	7	19
tt11496156	tt11464266	1	2
tt11530232	tt11524214	1	1
tt1154079	tt0984168	\N	\N
tt1155178	tt0384744	1	5
tt11574630	tt11464266	1	3
tt11580202	tt4489232	7	20
tt11621416	tt11464266	1	4
tt11667036	tt11464266	1	5
tt11669372	tt10085008	3	1
tt11669380	tt10085008	3	2
tt11669434	tt10085008	3	3
tt11690864	tt11317550	1	5
tt11690874	tt11317550	1	8
tt11690882	tt11317550	1	9
tt11690884	tt11317550	1	10
tt11691658	tt11317550	1	7
tt11725448	tt8523124	3	2
tt11728482	tt11464266	1	6
tt11736920	tt11723984	1	1
tt1185794	tt0240295	\N	\N
tt1185824	tt0360314	\N	\N
tt11861814	tt9812756	3	2
tt12017142	tt12015730	2	13
tt12017144	tt12015730	2	14
tt12053790	tt12053732	1	5
tt12053794	tt12053732	1	6
tt12056430	tt10724306	1	1
tt12056614	tt10724306	1	2
tt12056620	tt10724306	1	3
tt12056776	tt10724306	1	4
tt12060452	tt8541850	\N	\N
tt1208052	tt0989125	9	48
tt12094082	tt9532278	1	2
tt12133724	tt6987380	6	7
tt12133734	tt6987380	6	3
tt12133738	tt6987380	6	5
tt12133740	tt6987380	6	6
tt12133742	tt6987380	6	4
tt12133808	tt6987380	6	8
tt12145708	tt12143924	1	1
tt12150412	tt12112020	4	12
tt12150458	tt12112020	4	25
tt12157846	tt12150240	2	10
tt12157868	tt12150240	2	11
tt12158368	tt12143924	1	2
tt12183030	tt12181026	1	2
tt12193830	tt11494400	1	19
tt12197020	tt12196730	1	1
tt12197028	tt12196730	1	2
tt12197030	tt12196730	1	3
tt12197034	tt12196730	1	4
tt12197038	tt12196730	1	5
tt12204440	tt12143924	1	3
tt12204442	tt12143924	1	4
tt12211514	tt12204002	1	10
tt12305038	tt12287656	1	1
tt12305046	tt12287656	1	2
tt12331748	tt0896232	\N	\N
tt12344026	tt12287656	1	3
tt1236751	tt1224277	1	3
tt12381004	tt6987380	6	9
tt12418328	tt7932562	1	7
tt1241964	tt0360314	\N	\N
tt12429042	tt10203450	1	24
tt12439862	tt12423408	1	13
tt12445082	tt12423408	1	17
tt12445538	tt10203450	1	26
tt12447442	tt12423408	1	19
tt12447556	tt12423408	1	20
tt12451900	tt10203450	1	27
tt12452110	tt12423408	1	25
tt12452182	tt12423408	1	26
tt12452978	tt4489232	8	1
tt12457664	tt10203450	2	1
tt12463754	tt12169430	1	5
tt12463768	tt12169430	1	9
tt12469376	tt12423408	2	8
tt12476556	tt12287656	1	4
tt12476574	tt12287656	1	5
tt1249530	tt0424608	1	17
tt12510712	tt12423408	2	14
tt1251930	tt0984168	1	31
tt12532364	tt8689848	5	1
tt12539164	tt7678620	2	26
tt12542022	tt0088552	1	3
tt1256207	tt0454717	\N	\N
tt1256212	tt0454717	\N	\N
tt12572022	tt11524214	1	3
tt12589718	tt12513696	1	1
tt12589720	tt12513696	1	2
tt12589722	tt12513696	1	3
tt12593932	tt12169430	1	10
tt12624410	tt12624348	1	5
tt12638392	tt12423408	2	20
tt12638422	tt12423408	2	21
tt12642912	tt12615706	1	1
tt12665712	tt12513696	1	5
tt12665788	tt12513696	1	4
tt12680312	tt12423408	2	22
tt12681068	tt12615706	1	2
tt1269656	tt1176156	1	1
tt1269721	tt1210365	1	8
tt12700254	tt12423408	2	27
tt12700260	tt12423408	2	28
tt12700268	tt12423408	2	29
tt12700274	tt12423408	3	1
tt12700294	tt12423408	3	2
tt12700308	tt12423408	3	3
tt12700310	tt12423408	3	4
tt12700314	tt12423408	3	5
tt12700316	tt12423408	3	6
tt12702530	tt12423408	3	7
tt12702538	tt12423408	3	8
tt12702540	tt12423408	3	9
tt12702554	tt12423408	3	10
tt12702584	tt12423408	3	11
tt12702590	tt12423408	3	12
tt12702890	tt12423408	3	13
tt12702902	tt12423408	3	14
tt12703106	tt12423408	3	15
tt12703356	tt12423408	3	16
tt12703388	tt12287656	1	7
tt12709058	tt12423408	3	17
tt12709066	tt12423408	3	18
tt12709076	tt12423408	3	19
tt12709082	tt12423408	3	20
tt12712616	tt12423408	3	21
tt12712626	tt12423408	3	22
tt12712644	tt12423408	3	23
tt12712652	tt12423408	3	24
tt12712664	tt12423408	3	25
tt12712712	tt12423408	3	26
tt12712754	tt12423408	3	27
tt12715380	tt12423408	3	28
tt12719288	tt11317550	1	6
tt12719848	tt12615706	1	3
tt1273937	tt0870039	1	5
tt12749394	tt9603114	2	1
tt12754148	tt12483172	1	4
tt12788458	tt12423408	3	31
tt1278979	tt0240295	\N	\N
tt12799226	tt12423408	3	49
tt12799238	tt12423408	3	50
tt12799246	tt12423408	3	51
tt12799256	tt12423408	3	52
tt12799264	tt12423408	3	53
tt12799270	tt12423408	3	54
tt12799278	tt12423408	3	55
tt12799286	tt12423408	3	56
tt12799292	tt12423408	3	57
tt12799294	tt12423408	3	58
tt12799324	tt12423408	3	60
tt12799334	tt12423408	3	61
tt12799346	tt12423408	3	62
tt12799374	tt12423408	3	63
tt12799390	tt12423408	3	65
tt12799398	tt12423408	3	66
tt12799406	tt12423408	3	67
tt12832834	tt2073912	\N	\N
tt12862890	tt4489232	8	2
tt12868004	tt12513696	1	7
tt12868006	tt12513696	1	6
tt12868010	tt12513696	1	10
tt12868016	tt12513696	1	9
tt12868020	tt12513696	1	8
tt12879648	tt10627300	2	2
tt1288277	tt0891100	3	4
tt12915844	tt12513696	1	11
tt1292593	tt0870039	1	4
tt12928590	tt12513696	1	12
tt12928796	tt6987380	6	10
tt12928814	tt6987380	6	11
tt12966252	tt12423408	3	72
tt13013520	tt4489232	8	3
tt13015046	tt12985634	1	2
tt13016544	tt12996868	1	2
tt13027154	tt12513696	1	14
tt13027158	tt12513696	1	13
tt1302969	tt0870039	1	11
tt1302970	tt0870039	1	10
tt13034650	tt12699564	1	17
tt13045562	tt6987380	6	12
tt13055686	tt12192534	1	1
tt13055748	tt12192534	1	2
tt13055806	tt12192534	1	3
tt13055848	tt12192534	1	4
tt13061788	tt12513696	1	15
tt1306434	tt0870039	1	13
tt13065534	tt3593456	8	1
tt13067400	tt12996868	1	3
tt13079402	tt13066464	1	5
tt13081036	tt11207734	4	1
tt13091048	tt13090994	1	1
tt13091180	tt13090994	1	2
tt13119184	tt11207734	4	2
tt1313824	tt1310629	1	6
tt1313825	tt1310629	1	3
tt1313826	tt1310629	1	5
tt1313829	tt1310629	1	8
tt1313830	tt1310629	1	1
tt1313832	tt1310629	1	2
tt1314253	tt0188338	1	11
tt1314326	tt0844465	1	5
tt13152884	tt11207734	4	3
tt13171476	tt13169180	1	1
tt13173458	tt4489232	8	4
tt13175842	tt13169180	1	2
tt13207590	tt6987380	6	13
tt13252254	tt7491928	3	8
tt13252268	tt7491928	3	9
tt13273720	tt13254818	1	4
tt13280392	tt11464266	2	1
tt13292060	tt9603114	2	2
tt13297308	tt8223802	1	2
tt13299874	tt13169180	1	3
tt13299888	tt13169180	1	4
tt13329038	tt12562262	1	32
tt1333749	tt0397787	1	1
tt13343042	tt13305554	1	0
tt1334802	tt1332130	1	11
tt13374814	tt13305554	1	1
tt13392748	tt7491928	3	10
tt13403284	tt11464266	2	2
tt13409488	tt12996868	1	5
tt13410148	tt11207734	4	9
tt13411254	tt13305554	1	2
tt13411320	tt13305554	1	3
tt13412576	tt9646546	5	4
tt13435668	tt13169180	1	7
tt13436290	tt13169180	1	9
tt13444810	tt11464266	2	3
tt13445574	tt7503960	3	1
tt13457712	tt12996868	1	6
tt13458318	tt8689848	\N	\N
tt13464652	tt13464516	1	3
tt13465082	tt13464516	2	2
tt13471688	tt13182334	2	1
tt13471692	tt13182334	2	2
tt13482670	tt12996868	1	7
tt13488634	tt13485514	1	9
tt13489946	tt6987380	6	14
tt13490204	tt11464266	2	4
tt13491404	tt13477796	1	1
tt13492550	tt13464516	2	4
tt13497038	tt13305554	1	6
tt13497040	tt13305554	1	7
tt13497042	tt13305554	1	4
tt13497046	tt13305554	1	5
tt13497048	tt13305554	1	8
tt13544062	tt11464266	2	5
tt13544070	tt13317228	1	2
tt13552486	tt13169180	1	10
tt13555390	tt13555182	1	20
tt13555412	tt13555204	1	20
tt13555908	tt4489232	8	5
tt13563832	tt13562778	1	5
tt13572018	tt13464516	2	7
tt13572026	tt13464516	2	8
tt13580804	tt11464266	2	6
tt13602928	tt13091748	1	1
tt13603064	tt13091748	1	2
tt13603232	tt13091748	1	3
tt13603702	tt13416662	1	2
tt13622896	tt11464266	2	7
tt13629498	tt13305554	1	9
tt13629522	tt13305554	1	10
tt13629574	tt13305554	1	11
tt13629602	tt13305554	1	12
tt13629634	tt13305554	1	13
tt13679730	tt13182334	2	3
tt1374378	tt0217211	13	107
tt13748714	tt13305554	1	14
tt13749138	tt13305554	1	15
tt13749238	tt13305554	1	16
tt13749482	tt13305554	1	17
tt1375586	tt0131166	1	1
tt13756438	tt13690458	1	1
tt1378085	tt0055681	3	35
tt13781270	tt13464516	2	17
tt13815008	tt13098616	2	2
tt13856944	tt13305554	1	18
tt13857052	tt13305554	1	19
tt13857348	tt13305554	1	20
tt13878204	tt13690458	1	4
tt13889906	tt13135616	1	85
tt13921652	tt13464516	2	21
tt13921660	tt13464516	2	22
tt13956858	tt13950332	1	1
tt13956862	tt13950332	1	2
tt13956868	tt13950332	1	3
tt13956870	tt13950332	1	4
tt13956874	tt13950332	1	5
tt13956880	tt13950332	1	6
tt13963196	tt13962606	1	1
tt13971594	tt13305554	1	21
tt13975742	tt13464516	2	23
tt13975794	tt13464516	2	24
tt13977256	tt10009766	3	7
tt13990440	tt13850952	1	6
tt13992574	tt13098616	2	3
tt14036674	tt14035344	1	1
tt14040920	tt13464516	2	25
tt14040952	tt13464516	2	26
tt14043772	tt13305554	1	22
tt14044780	tt14039388	1	1
tt14044794	tt14039388	1	2
tt14044814	tt14039388	1	3
tt14044820	tt14039388	1	4
tt14044840	tt14039388	1	5
tt14044844	tt14039388	1	6
tt14066872	tt4489232	8	6
tt14069140	tt1850596	17	5
tt14075356	tt13464516	2	27
tt14075364	tt13464516	2	28
tt14107232	tt9603114	3	1
tt14116932	tt13416662	2	1
tt14121482	tt11820524	1	2
tt14130486	tt14122476	1	3
tt14142132	tt13528822	1	10
tt14143098	tt3052000	1	10
tt14143242	tt13305554	1	23
tt14146656	tt13925252	2	1
tt14150852	tt3052000	1	11
tt14150888	tt3052000	1	13
tt14150910	tt3052000	1	14
tt14151038	tt3052000	1	22
tt14151058	tt3052000	1	23
tt14151126	tt3052000	1	28
tt14151132	tt3052000	1	29
tt14151148	tt3052000	1	30
tt14151166	tt3052000	1	31
tt14151176	tt3052000	1	32
tt14151180	tt3052000	1	33
tt14151192	tt3052000	1	34
tt14151200	tt3052000	1	35
tt14151210	tt3052000	1	36
tt14151224	tt3052000	1	37
tt14151232	tt3052000	1	38
tt14151236	tt3052000	1	40
tt14151238	tt3052000	1	39
tt14151244	tt3052000	1	43
tt14151252	tt3052000	1	44
tt14151264	tt3052000	1	42
tt14151272	tt3052000	1	41
tt14151292	tt3052000	1	45
tt14151304	tt3052000	1	46
tt14151312	tt3052000	1	47
tt14151320	tt3052000	1	48
tt14151328	tt3052000	1	49
tt14151340	tt3052000	1	50
tt14151356	tt3052000	1	51
tt14151362	tt3052000	1	52
tt14151366	tt3052000	1	53
tt14151376	tt3052000	1	54
tt14167694	tt13098616	2	7
tt14178628	tt13464516	2	32
tt14227378	tt13464516	2	33
tt1423599	tt1410265	1	1
tt14237302	tt12872884	1	20
tt14253434	tt13305554	1	24
tt14257558	tt13788874	1	32
tt14257564	tt13788874	1	33
tt14288628	tt4489232	8	7
tt14296154	tt13305554	1	25
tt14303266	tt11256260	2	28
tt14316488	tt1447832	1	26
tt14316652	tt14316162	1	1
tt14316708	tt14316162	2	3
tt14316744	tt14316162	2	9
tt14316746	tt14316162	2	10
tt14316772	tt14316618	1	3
tt14316816	tt14316618	2	6
tt14316828	tt14316618	2	9
tt14318168	tt14317002	1	1
tt14330522	tt13305554	1	26
tt14330812	tt14317002	1	8
tt1434627	tt1367144	2	17
tt1434629	tt1367144	1	6
tt14366736	tt13773990	2	1
tt14366826	tt13773990	2	2
tt14366926	tt13773990	2	3
tt14366964	tt13773990	2	4
tt14366974	tt13773990	2	5
tt14366988	tt13773990	2	6
tt14367014	tt13773990	2	7
tt14367042	tt13773990	2	8
tt14367516	tt13773990	2	9
tt14367532	tt13773990	2	10
tt14367606	tt13773990	2	11
tt14367628	tt13773990	2	12
tt1437684	tt0421403	1	1
tt14377954	tt7383626	1	7
tt14389996	tt13305554	1	27
tt1439167	tt1437794	1	8
tt1439824	tt0421403	1	2
tt1440550	tt0421403	1	3
tt1440551	tt0421403	1	4
tt1440552	tt0421403	1	5
tt14409560	tt14409420	1	1
tt14409616	tt14409420	1	2
tt14409636	tt14409420	1	4
tt14409650	tt14409420	2	1
tt14409672	tt14409420	2	2
tt14409806	tt13464516	2	41
tt14412326	tt14367054	1	2
tt14417550	tt9426360	1	6
tt14428982	tt13305554	1	28
tt1443021	tt0445880	2	6
tt14439936	tt4489232	8	8
tt1444777	tt1407126	1	32
tt1447236	tt1367144	2	6
tt14483110	tt13305554	1	29
tt1448783	tt1367144	2	7
tt1448787	tt1367144	2	20
tt14508612	tt14508452	1	2
tt14508628	tt14508452	1	3
tt14508652	tt14508452	2	1
tt14508750	tt14508452	2	5
tt14512866	tt13937912	1	40
tt14513850	tt13305554	1	30
tt14520498	tt13937912	1	60
tt14533518	tt11247108	1	3
tt14533520	tt11247108	1	6
tt14533524	tt11247108	1	4
tt14533526	tt11247108	1	7
tt14533530	tt11247108	1	9
tt14533532	tt11247108	1	8
tt14533534	tt11247108	1	10
tt14536286	tt14385558	1	2
tt14563370	tt14547620	1	2
tt14565106	tt11767890	\N	\N
tt14565124	tt11767890	\N	\N
tt14565138	tt11767890	\N	\N
tt14565156	tt10315490	\N	\N
tt14567380	tt12423408	3	75
tt14567450	tt12423408	3	76
tt14567468	tt12423408	3	77
tt14567784	tt12423408	3	79
tt14568524	tt12423408	3	80
tt14568540	tt12423408	3	81
tt14568582	tt12423408	3	83
tt14568638	tt12423408	3	84
tt14568662	tt12423408	3	85
tt14568700	tt12423408	3	86
tt14568712	tt12423408	3	87
tt14568716	tt12423408	3	88
tt14568726	tt12423408	3	89
tt14568738	tt12423408	3	90
tt14568742	tt12423408	3	91
tt14568758	tt12423408	3	92
tt14568772	tt12423408	3	93
tt14568780	tt12423408	3	94
tt14568804	tt12423408	3	97
tt14568812	tt12423408	3	98
tt14568818	tt12423408	3	99
tt14568832	tt12423408	3	101
tt14568840	tt12423408	3	102
tt14568912	tt12423408	3	104
tt14570076	tt13135616	1	138
tt14577192	tt14572742	1	6
tt14577232	tt14572742	1	7
tt14577482	tt14572742	1	9
tt14577636	tt4489232	8	9
tt14579422	tt14572280	1	2
tt14589566	tt6536562	5	31
tt14600654	tt11992526	1	17
tt14600698	tt11992526	1	18
tt1461892	tt1230048	1	3
tt14625580	tt10731210	2	10
tt1468626	tt1240537	1	1
tt14697002	tt13305554	1	31
tt14697056	tt13305554	1	32
tt14721932	tt14144758	1	3
tt14721934	tt14144758	1	4
tt14721940	tt14144758	1	5
tt14734992	tt14614944	1	1
tt14735036	tt14614944	1	6
tt14735076	tt14614944	1	11
tt14751934	tt14572742	1	11
tt14754836	tt6536562	5	35
tt14761700	tt13305554	1	33
tt14765330	tt13137346	1	2
tt14779378	tt11524214	1	5
tt14779410	tt11524214	1	6
tt14784218	tt14032092	1	8
tt14786888	tt13604988	1	6
tt14820918	tt6609270	5	1
tt14851960	tt6609270	5	2
tt14851964	tt6609270	5	3
tt14851966	tt6609270	5	4
tt14872982	tt6609270	5	5
tt14872988	tt6609270	5	6
tt14872992	tt6609270	5	7
tt14872994	tt6609270	5	8
tt14928658	tt13555182	1	2
tt14934400	tt13555182	1	3
tt14939592	tt13555182	1	4
tt14981048	tt13555182	1	5
tt15012472	tt13937912	1	123
tt15012714	tt13937912	1	124
tt15024300	tt13937912	1	125
tt15024304	tt13937912	1	122
tt15024320	tt13937912	1	119
tt15024324	tt13937912	1	118
tt15024326	tt13937912	1	117
tt15079516	tt14551046	1	1
tt1509302	tt1381421	1	11
tt15110334	tt15077362	1	3
tt15110344	tt15077362	1	2
tt15126564	tt13097348	\N	\N
tt15146014	tt12423408	3	95
tt15146314	tt12423408	3	106
tt15146326	tt12423408	3	107
tt15146336	tt12423408	3	108
tt15146338	tt12423408	3	109
tt15146348	tt12423408	3	110
tt15146368	tt12423408	3	112
tt15146380	tt12423408	3	113
tt15146384	tt12423408	3	114
tt15146392	tt12423408	3	115
tt15146412	tt12423408	4	2
tt15146416	tt12423408	4	3
tt15146428	tt12423408	4	5
tt15146432	tt12423408	4	6
tt15146442	tt12423408	4	9
tt15146444	tt12423408	4	10
tt15146458	tt12423408	4	16
tt15146466	tt12423408	4	17
tt15146470	tt12423408	4	18
tt15146476	tt12423408	4	20
tt15146478	tt12423408	4	21
tt15146490	tt12423408	4	22
tt15146492	tt12423408	4	23
tt15146494	tt12423408	4	24
tt15146504	tt12423408	4	25
tt15146514	tt12423408	4	26
tt15146520	tt12423408	4	27
tt15146528	tt12423408	4	28
tt15146532	tt12423408	4	29
tt15146600	tt12423408	4	30
tt15146614	tt12423408	4	33
tt15146618	tt12423408	4	34
tt15146622	tt12423408	4	35
tt15146626	tt12423408	4	36
tt15146628	tt12423408	4	37
tt15146654	tt12423408	4	38
tt15146656	tt12423408	4	39
tt15146662	tt12423408	4	40
tt15146664	tt12423408	4	41
tt15146668	tt12423408	4	42
tt15146672	tt12423408	4	43
tt15146676	tt12423408	4	44
tt15146692	tt12423408	4	45
tt15146696	tt12423408	4	46
tt15146698	tt12423408	4	47
tt15146702	tt12423408	4	48
tt15146744	tt12423408	4	8
tt15146754	tt12423408	5	1
tt15146762	tt12423408	5	2
tt15146774	tt12423408	5	3
tt15146778	tt12423408	5	4
tt15146788	tt12423408	5	5
tt15146794	tt12423408	5	6
tt15146802	tt12423408	5	7
tt15146808	tt12423408	5	8
tt15146818	tt12423408	5	9
tt15146822	tt12423408	5	10
tt15146826	tt12423408	5	11
tt15146828	tt12423408	5	12
tt15146838	tt12423408	5	13
tt15146840	tt12423408	5	14
tt15146846	tt12423408	5	15
tt15146848	tt12423408	5	16
tt15146852	tt12423408	5	17
tt15146854	tt12423408	5	18
tt15146858	tt12423408	5	19
tt15146862	tt12423408	6	1
tt15146864	tt12423408	6	2
tt15146886	tt12423408	6	3
tt15146936	tt12423408	6	4
tt15146946	tt12423408	6	5
tt15146970	tt12423408	6	7
tt15146982	tt12423408	6	8
tt15146996	tt12423408	6	9
tt15147006	tt12423408	6	10
tt15147036	tt12423408	6	11
tt15147044	tt12423408	6	12
tt15147062	tt12423408	6	13
tt15147068	tt12423408	6	14
tt15147076	tt12423408	6	15
tt15147090	tt12423408	6	16
tt15147144	tt12423408	6	17
tt15147150	tt12423408	6	18
tt15147156	tt12423408	6	19
tt15147168	tt12423408	6	20
tt15147176	tt12423408	6	21
tt15147182	tt12423408	6	22
tt15147190	tt12423408	6	23
tt15147200	tt12423408	6	24
tt15147206	tt12423408	6	25
tt15147216	tt12423408	6	26
tt15147224	tt12423408	6	27
tt15147228	tt12423408	6	28
tt15147320	tt12423408	7	5
tt15147340	tt12423408	7	6
tt15147350	tt12423408	7	7
tt15147358	tt12423408	7	9
tt15147364	tt12423408	7	10
tt15147370	tt12423408	7	11
tt15147382	tt12423408	7	12
tt15147558	tt12423408	7	13
tt15147572	tt12423408	7	14
tt15147582	tt12423408	7	15
tt15147592	tt12423408	7	16
tt15147594	tt12423408	7	17
tt15147614	tt12423408	7	18
tt15147624	tt12423408	7	19
tt15147640	tt12423408	7	20
tt15147652	tt12423408	7	21
tt15147672	tt12423408	7	22
tt15147680	tt12423408	7	23
tt15147740	tt12423408	7	25
tt15147750	tt12423408	7	26
tt15147752	tt12423408	7	27
tt15147770	tt12423408	7	28
tt15147786	tt12423408	7	29
tt15147796	tt12423408	7	30
tt15147800	tt12423408	7	31
tt15147838	tt12423408	8	1
tt15147858	tt12423408	8	2
tt15147894	tt12423408	8	6
tt15148060	tt12423408	8	8
tt15148062	tt12423408	8	9
tt15148070	tt12423408	8	11
tt15148090	tt12423408	8	12
tt15148094	tt12423408	8	13
tt15148096	tt12423408	8	14
tt15148100	tt12423408	8	16
tt15152428	tt12423408	7	24
tt15196746	tt13555182	1	11
tt15196786	tt13555182	1	12
tt1520600	tt1076942	3	10
tt15209032	tt12423408	8	19
tt15235106	tt14229490	1	1
tt15249756	tt15159270	\N	\N
tt15281674	tt15281368	1	2
tt15300706	tt15281840	1	1
tt15300724	tt15281840	1	2
tt15300732	tt15281840	1	3
tt15300742	tt15281840	1	4
tt15300750	tt15281840	1	5
tt15314300	tt15311906	1	1
tt15314320	tt15311906	1	2
tt15314326	tt15311906	1	3
tt15314330	tt15311906	1	4
tt15319658	tt14321632	1	10
tt15319662	tt14321632	1	9
tt15354932	tt14395722	1	9
tt15360926	tt15151704	1	1
tt15360938	tt15151704	1	7
tt15360944	tt15151704	1	10
tt15360948	tt15151704	1	11
tt15360954	tt15151704	1	12
tt15372602	tt13555182	1	13
tt15372618	tt13555182	1	14
tt15375090	tt13557628	2	3
tt15375122	tt13557628	2	4
tt15375280	tt13557628	2	16
tt1537683	tt0431559	\N	\N
tt15410138	tt15206580	1	2
tt15410144	tt15206580	1	4
tt15410146	tt15206580	1	5
tt15410148	tt15206580	1	6
tt15410150	tt15206580	1	7
tt15410152	tt15206580	1	8
tt15410156	tt15206580	1	9
tt15410160	tt15206580	1	10
tt15410168	tt15206580	1	12
tt15410170	tt15206580	1	13
tt15440648	tt13225306	2	1
tt15457194	tt13555182	1	15
tt15459126	tt14827134	1	6
tt1548068	tt0241383	11	145
tt15501130	tt13555204	1	2
tt15501132	tt13555204	1	3
tt15501184	tt13555182	1	16
tt15522758	tt4489232	9	1
tt1552316	tt0270116	\N	\N
tt15539984	tt15381618	1	17
tt15546014	tt14827134	1	9
tt15618820	tt10841904	6	1
tt15618886	tt10841904	6	2
tt15619008	tt10841904	6	3
tt15619072	tt10841904	6	4
tt15619192	tt10841904	6	5
tt15619612	tt10841904	6	6
tt15619744	tt10841904	6	7
tt15627312	tt15408014	1	7
tt15654822	tt12564744	3	10
tt1565883	tt1355620	2	1
tt15692222	tt15688938	1	1
tt15699132	tt14715548	1	3
tt15699140	tt14715548	1	4
tt15703844	tt15408014	1	8
tt15752272	tt12336548	2	2
tt15758234	tt15408014	1	9
tt1577526	tt1563099	1	4
tt1577528	tt1563099	1	6
tt1577531	tt1563099	1	3
tt1578097	tt1355620	2	7
tt15806252	tt14715548	1	5
tt15808020	tt13555182	1	17
tt1581171	tt1355620	2	10
tt1581173	tt1355620	2	12
tt1581178	tt1355620	2	17
tt1581179	tt1355620	2	18
tt1581180	tt1355620	2	2
tt1581181	tt1355620	2	20
tt1581182	tt1355620	2	4
tt1581183	tt1355620	2	5
tt1581184	tt1355620	2	6
tt1581185	tt1355620	2	8
tt1581186	tt1355620	2	9
tt1582126	tt1355620	2	19
tt15846122	tt15822792	1	1
tt15846208	tt15822792	1	2
tt15850590	tt15822792	1	3
tt1591753	tt0399955	1	1
tt1591764	tt0399955	1	2
tt1609871	tt0866639	1	3
tt16138658	tt16112898	1	1
tt16138672	tt16112898	1	2
tt16138674	tt16112898	1	3
tt16150062	tt15822792	1	4
tt16150402	tt7503960	4	1
tt16167050	tt15822792	1	5
tt16167146	tt15822792	1	6
tt16171564	tt15822792	1	7
tt16171600	tt15822792	1	8
tt16171630	tt15822792	1	9
tt1660424	tt1587957	1	9
tt1662045	tt0870039	1	3
tt1669385	tt0870039	1	2
tt1669386	tt0870039	1	6
tt1669387	tt0870039	1	7
tt1673182	tt1569539	1	10
tt1683137	tt0983411	\N	\N
tt1691392	tt1355620	1	8
tt1724305	tt0466606	1	8
tt1777297	tt1763752	1	19
tt1781692	tt1773217	1	3
tt1787347	tt1750557	1	7
tt1788541	tt0195445	\N	\N
tt1802377	tt1389707	1	1
tt1806372	tt1569539	3	10
tt1827110	tt1239443	4	2
tt1835822	tt1830401	1	1
tt1847121	tt0866639	2	2
tt1847122	tt0866639	2	3
tt1847123	tt0866639	2	1
tt1847124	tt0866639	1	2
tt1847125	tt0866639	1	1
tt1849431	tt1750557	1	12
tt1900453	tt0299374	\N	\N
tt1902414	tt0870039	1	17
tt1968944	tt1869138	1	37
tt1978080	tt1520553	\N	\N
tt1978081	tt1520553	4	16
tt1983429	tt1978852	1	4
tt1988997	tt1952113	1	8
tt1989002	tt1952113	1	6
tt1989042	tt1978852	1	5
tt1989043	tt1978852	1	6
tt1990409	tt1355620	1	10
tt1990410	tt1355620	1	11
tt1990411	tt1355620	1	12
tt1990412	tt1355620	1	13
tt1990413	tt1355620	1	14
tt1990414	tt1355620	1	15
tt1990415	tt1355620	1	16
tt1990416	tt1355620	1	17
tt1990417	tt1355620	1	18
tt1990419	tt1355620	1	9
tt1998725	tt0474499	\N	\N
tt2001530	tt1978852	1	7
tt2010385	tt1092502	\N	\N
tt2012906	tt1978852	1	8
tt2012907	tt1978852	1	9
tt2031383	tt1978852	1	10
tt2037524	tt2024922	2	39
tt2047551	tt1869138	1	90
tt2048298	tt1978852	1	12
tt2048299	tt1978852	1	13
tt2063258	tt1978852	1	14
tt2063259	tt1978852	1	15
tt2064107	tt2062002	\N	\N
tt2065171	tt2062002	\N	\N
tt2088264	tt1978852	1	19
tt2088265	tt1978852	1	16
tt2088266	tt1978852	1	17
tt2088267	tt1978852	1	18
tt2100856	tt0870039	1	20
tt2100857	tt0870039	1	21
tt2104174	tt1796776	1	41
tt2104820	tt0877512	4	8
tt2110856	tt1867880	3	1
tt2114542	tt2111619	1	1
tt2120509	tt2108249	1	1
tt2121938	tt1978852	1	23
tt2121939	tt1978852	1	24
tt2121940	tt1978852	1	20
tt2121941	tt1978852	1	21
tt2121942	tt1978852	1	22
tt2122660	tt2038827	1	13
tt2123533	tt0950199	11	16
tt2124268	tt1990508	1	10
tt2124271	tt1990508	1	13
tt2124273	tt1990508	1	15
tt2124276	tt1990508	1	18
tt2124280	tt1990508	1	21
tt2144775	tt1278165	2	10
tt2144777	tt1278165	2	11
tt2144781	tt1278165	2	5
tt2144783	tt1278165	2	6
tt2144785	tt1278165	2	7
tt2144787	tt1278165	2	8
tt2144789	tt1278165	2	9
tt2146841	tt0384767	3	12
tt2155041	tt0384767	\N	\N
tt2163915	tt1978852	1	29
tt2163921	tt1978852	1	26
tt2163923	tt1978852	1	28
tt2164957	tt0384767	3	18
tt2176711	tt0271099	3	2
tt2178015	tt1990508	1	23
tt2178021	tt1990508	1	26
tt2178023	tt1990508	1	27
tt2195706	tt2323135	1	3
tt2212257	tt2208533	1	1
tt2220063	tt2192495	1	3
tt2222199	tt2208533	1	3
tt2224414	tt1092502	\N	\N
tt2234254	tt2163354	1	6
tt2247371	tt0388595	9	13
tt2251440	tt1092502	\N	\N
tt2282261	tt2272365	1	2
tt2301451	tt0903747	5	14
tt2325394	tt2165920	1	4
tt2328081	tt0946589	1	1
tt2332212	tt2165920	1	6
tt2332232	tt2165920	1	9
tt2332255	tt2108249	1	2
tt2332257	tt2108249	1	3
tt2332267	tt2108249	1	8
tt2332269	tt2108249	1	9
tt2332271	tt2108249	1	10
tt2340755	tt2168799	1	8
tt2342064	tt2385649	1	2
tt2342710	tt2081225	1	6
tt2342734	tt2081225	1	5
tt2352187	tt0983411	\N	\N
tt2356335	tt1092502	\N	\N
tt2377160	tt1583428	3	8
tt2382830	tt2385649	1	5
tt2390230	tt0199257	60	33
tt2392901	tt2081225	1	2
tt2395298	tt2344145	1	3
tt2498454	tt2401973	1	1
tt2562402	tt0320037	10	296
tt2576356	tt2523944	1	2
tt2577592	tt2344145	1	4
tt2623930	tt1869138	2	154
tt2634334	tt2505368	1	3
tt2639698	tt1872641	6	2
tt2679158	tt2579770	1	1
tt2704864	tt2392137	3	1
tt2726864	tt2479942	1	8
tt2736640	tt2270182	1	4
tt2738692	tt0396347	10	11
tt2783812	tt2479942	2	2
tt2791782	tt1985299	1	166
tt2792766	tt2733562	1	1
tt2812808	tt2231118	2	5
tt2853628	tt2832640	1	1
tt2884278	tt2310240	2	3
tt2900598	tt2881292	1	1
tt2924558	tt0375446	1	970
tt2951956	tt0360314	2	1
tt2951958	tt0360314	2	2
tt2951966	tt0360314	2	4
tt2951970	tt0360314	2	5
tt2951976	tt0360314	2	7
tt2951986	tt0360314	2	9
tt2952010	tt0360314	2	12
tt2952012	tt0360314	2	13
tt2952022	tt0360314	2	14
tt2952024	tt0360314	2	15
tt2952028	tt0360314	2	16
tt2952030	tt0360314	2	17
tt2952032	tt0360314	2	18
tt2952036	tt0360314	2	19
tt2952040	tt0360314	2	20
tt2952794	tt0360314	2	31
tt2952800	tt0360314	2	32
tt2952806	tt0360314	2	33
tt2952826	tt0360314	2	40
tt2952838	tt0360314	2	50
tt2952840	tt0360314	2	44
tt2952842	tt0360314	2	55
tt2990344	tt2255053	2	1
tt3004314	tt0465340	\N	\N
tt3080776	tt3057772	2	1
tt3092570	tt3057772	1	2
tt3092572	tt3057772	1	5
tt3092578	tt3057772	1	3
tt3092580	tt3057772	1	6
tt3092582	tt3057772	1	1
tt3092604	tt3057772	1	8
tt3092608	tt3057772	1	4
tt3092612	tt3057772	1	9
tt3092628	tt3057772	1	7
tt3095210	tt3057772	2	2
tt3096146	tt2187576	1	5
tt3096964	tt2832640	1	5
tt3107992	tt3057772	2	3
tt3121624	tt3057772	2	4
tt3138792	tt3057772	2	5
tt3150022	tt3057772	2	6
tt3169884	tt3057772	2	7
tt3177512	tt1869138	2	34
tt3194958	tt3057772	2	8
tt3199322	tt3166910	1	1
tt3227282	tt3057772	2	9
tt3232574	tt3057772	2	10
tt3243394	tt3057772	2	11
tt3251268	tt3057772	2	12
tt3266680	tt0983411	1	5
tt3276064	tt3057772	2	13
tt3284584	tt3057772	2	14
tt3301308	tt3057772	2	15
tt3332364	tt3057772	2	16
tt3348220	tt3057772	2	17
tt3358364	tt3057772	2	18
tt3358366	tt3057772	2	19
tt3358436	tt7076436	1	3
tt3398176	tt3057772	2	20
tt3418862	tt3135516	2	5
tt3420150	tt3146368	1	12
tt3484488	tt3437410	1	3
tt3484490	tt3437410	1	4
tt3485028	tt3057772	2	21
tt3502174	tt3057772	2	22
tt3503486	tt3109382	3	24
tt3517708	tt3057772	2	23
tt3567402	tt3560390	2	15
tt3571722	tt2155811	2	3
tt3571726	tt2155811	2	4
tt3571728	tt2155811	2	5
tt3571730	tt2155811	2	6
tt3599434	tt7076436	2	5
tt3600014	tt3592234	1	8
tt3628006	tt3611366	1	2
tt3628008	tt3611366	1	3
tt3628022	tt3611366	1	4
tt3628028	tt3611366	1	5
tt3633944	tt3571242	1	2
tt3634302	tt3571242	1	1
tt3654612	tt3554426	1	7
tt3665162	tt3571242	1	3
tt3674924	tt3571242	1	4
tt3677354	tt3532664	1	1
tt3677364	tt3532664	1	2
tt3677374	tt3532664	1	3
tt3677384	tt3532664	1	4
tt3677390	tt3532664	1	5
tt3689510	tt3571242	1	5
tt3713742	tt2949316	2	5
tt3713754	tt2949316	2	6
tt3713776	tt2949316	2	12
tt3723474	tt3571242	1	6
tt3734794	tt3571242	1	7
tt3744584	tt3571242	1	8
tt3761844	tt3571242	1	9
tt3781648	tt3571242	1	10
tt3791620	tt3778216	1	1
tt3820354	tt2960796	1	6
tt3831918	tt0240295	8	7
tt3848022	tt0240295	8	14
tt3880760	tt3824066	1	2
tt3921894	tt2991868	\N	\N
tt3962618	tt7076436	2	6
tt4049860	tt2012155	4	12
tt4052162	tt1740717	2	11
tt4061676	tt2131835	2	0
tt4129358	tt4489232	3	8
tt4158240	tt3135516	3	1
tt4158252	tt3135516	3	2
tt4158258	tt3135516	3	3
tt4158266	tt3135516	3	4
tt4175958	tt1850596	10	6
tt4192832	tt3824066	1	3
tt4195422	tt3135516	3	5
tt4201236	tt4192748	1	1
tt4201240	tt4192748	1	2
tt4201242	tt4192748	1	3
tt4201244	tt4192748	1	4
tt4201248	tt4192748	1	5
tt4201260	tt4192748	1	7
tt4201262	tt4192748	1	8
tt4201268	tt4192748	1	9
tt4201272	tt4192748	1	10
tt4201278	tt4192748	1	11
tt4214076	tt4192748	1	13
tt4214088	tt3824066	1	5
tt4229108	tt3135516	3	6
tt4262058	tt3135516	3	7
tt4266276	tt4192748	1	14
tt4266316	tt4192748	1	15
tt4266376	tt4192748	1	16
tt4266532	tt4192748	1	17
tt4267618	tt4262910	1	19
tt4270194	tt3850044	\N	\N
tt4304416	tt4192748	1	18
tt4365442	tt2960796	2	8
tt4432110	tt4489232	4	1
tt4474642	tt4191488	1	2
tt4474650	tt4191488	1	3
tt4475070	tt4191488	1	5
tt4475076	tt4191488	1	6
tt4475080	tt4191488	1	7
tt4475082	tt4191488	1	8
tt4511648	tt4489232	1	1
tt4511650	tt4489232	1	2
tt4511652	tt4489232	1	4
tt4511654	tt4489232	1	3
tt4511656	tt4489232	1	6
tt4511660	tt4489232	1	5
tt4511664	tt4489232	1	7
tt4511668	tt4489232	1	8
tt4511670	tt4489232	1	9
tt4537046	tt0270790	1	1
tt4540452	tt1407126	\N	\N
tt4542360	tt4489232	2	1
tt4542362	tt4489232	2	2
tt4542364	tt4489232	2	3
tt4542370	tt4489232	2	5
tt4542374	tt4489232	2	6
tt4542376	tt4489232	2	7
tt4542394	tt4489232	3	1
tt4542398	tt4489232	3	2
tt4542400	tt4489232	3	3
tt4542406	tt4489232	3	5
tt4542410	tt4489232	3	4
tt4542424	tt4489232	3	9
tt4542428	tt4489232	3	7
tt4542430	tt4489232	3	6
tt4542442	tt4489232	4	2
tt4542446	tt4489232	4	3
tt4542448	tt4489232	4	4
tt4542450	tt4489232	4	6
tt4542452	tt4489232	4	5
tt4542456	tt4489232	4	7
tt4542462	tt4489232	4	9
tt4542464	tt4489232	4	8
tt4590016	tt4347960	1	1
tt4645020	tt4347960	1	2
tt4691874	tt1869138	1	2
tt4691888	tt1869138	1	3
tt4691892	tt1869138	1	4
tt4691896	tt1869138	1	5
tt4691906	tt1869138	1	6
tt4691938	tt1869138	1	7
tt4692028	tt1869138	1	8
tt4692076	tt1869138	1	9
tt4698778	tt0416377	1	3
tt4698780	tt0416377	1	4
tt4698790	tt0416377	1	5
tt4698794	tt0416377	1	6
tt4698808	tt0416377	1	8
tt4698814	tt0416377	1	9
tt4698818	tt0416377	1	10
tt4698822	tt0416377	1	11
tt4698836	tt0416377	2	1
tt4698930	tt1439857	2	5
tt4699096	tt0845676	1	1
tt4699532	tt1869138	1	12
tt4699536	tt1869138	1	11
tt4699538	tt1869138	1	19
tt4699552	tt1869138	1	15
tt4699556	tt1869138	1	17
tt4699560	tt1869138	1	13
tt4699578	tt1869138	1	18
tt4699588	tt1869138	1	16
tt4699606	tt1869138	2	208
tt4699614	tt1869138	1	20
tt4702986	tt1869138	1	14
tt4702988	tt1869138	1	21
tt4702992	tt1869138	1	22
tt4702996	tt1869138	1	23
tt4703000	tt1869138	1	24
tt4703002	tt1869138	1	25
tt4703062	tt1869138	1	26
tt4703072	tt1869138	1	27
tt4703074	tt1869138	1	28
tt4703080	tt1869138	1	29
tt4703086	tt1869138	1	30
tt4703096	tt1869138	1	31
tt4703098	tt1869138	1	32
tt4703106	tt1869138	1	33
tt4703116	tt1869138	1	34
tt4703122	tt1869138	1	35
tt4703124	tt1869138	1	36
tt4703138	tt1869138	1	38
tt4703162	tt1869138	1	39
tt4703172	tt1869138	1	40
tt4703178	tt1869138	1	41
tt4703194	tt1869138	1	42
tt4703200	tt1869138	1	43
tt4703204	tt1869138	1	44
tt4703208	tt1869138	1	45
tt4703212	tt1869138	1	46
tt4703216	tt1869138	1	47
tt4703224	tt1869138	1	48
tt4703228	tt1869138	1	49
tt4703234	tt1869138	1	50
tt4703842	tt1869138	1	51
tt4703844	tt1869138	1	52
tt4703846	tt1869138	1	53
tt4703848	tt1869138	1	54
tt4703852	tt1869138	1	55
tt4703854	tt1869138	1	56
tt4703856	tt1869138	1	57
tt4703862	tt1869138	1	58
tt4703864	tt1869138	1	59
tt4703866	tt1869138	1	60
tt4703872	tt1869138	1	61
tt4703874	tt1869138	1	62
tt4703876	tt1869138	1	63
tt4703880	tt1869138	1	64
tt4703882	tt1869138	1	65
tt4703884	tt1869138	1	66
tt4703886	tt1869138	1	67
tt4703888	tt1869138	1	68
tt4703894	tt1869138	1	69
tt4703898	tt1869138	1	70
tt4703906	tt1869138	1	71
tt4703908	tt1869138	1	72
tt4703916	tt1869138	1	73
tt4703920	tt1869138	1	74
tt4703926	tt1869138	1	75
tt4703928	tt1869138	1	76
tt4703932	tt1869138	1	77
tt4703934	tt1869138	1	78
tt4703940	tt1869138	1	79
tt4703942	tt1869138	1	80
tt4703956	tt1869138	1	81
tt4703958	tt1869138	1	82
tt4703960	tt1869138	1	83
tt4703962	tt1869138	1	84
tt4703964	tt1869138	1	85
tt4703966	tt1869138	1	86
tt4703968	tt1869138	1	87
tt4703970	tt1869138	1	88
tt4703974	tt1869138	1	89
tt4703976	tt1869138	1	91
tt4703978	tt1869138	1	92
tt4703980	tt1869138	1	93
tt4703984	tt1869138	1	94
tt4703988	tt1869138	1	95
tt4703990	tt1869138	1	96
tt4703992	tt1869138	1	97
tt4703996	tt1869138	1	98
tt4703998	tt1869138	1	99
tt4704002	tt1869138	1	100
tt4705742	tt1869138	1	101
tt4705746	tt1869138	1	102
tt4705750	tt1869138	1	103
tt4705752	tt1869138	1	104
tt4705754	tt1869138	1	105
tt4705760	tt1869138	1	107
tt4705770	tt1869138	1	108
tt4705772	tt1869138	1	109
tt4705776	tt1869138	1	110
tt4705780	tt1869138	1	111
tt4705782	tt1869138	1	112
tt4705786	tt1869138	1	113
tt4705792	tt1869138	1	114
tt4705796	tt1869138	1	115
tt4705800	tt1869138	1	116
tt4705806	tt1869138	1	117
tt4705808	tt1869138	1	118
tt4705814	tt1869138	1	119
tt4705816	tt1869138	1	120
tt4705820	tt1869138	1	121
tt4705822	tt1869138	1	122
tt4705828	tt1869138	1	123
tt4705832	tt1869138	1	124
tt4705836	tt1869138	1	125
tt4705852	tt1869138	1	126
tt4705856	tt1869138	1	127
tt4705860	tt1869138	1	128
tt4705864	tt1869138	1	129
tt4705868	tt1869138	1	130
tt4705870	tt1869138	1	131
tt4705878	tt1869138	1	132
tt4705890	tt1869138	1	133
tt4705894	tt1869138	1	134
tt4705898	tt1869138	1	135
tt4705912	tt1869138	1	136
tt4705916	tt1869138	1	137
tt4705922	tt1869138	1	138
tt4705932	tt1869138	1	139
tt4705954	tt1869138	1	140
tt4705960	tt1869138	1	141
tt4705966	tt1869138	1	142
tt4705972	tt1869138	1	143
tt4705980	tt1869138	1	144
tt4705984	tt1869138	1	145
tt4705992	tt1869138	1	146
tt4705998	tt1869138	1	147
tt4706002	tt1869138	1	148
tt4706010	tt1869138	1	149
tt4706018	tt1869138	1	150
tt4706024	tt1869138	1	151
tt4706030	tt1869138	1	152
tt4706036	tt1869138	1	153
tt4706042	tt1869138	1	154
tt4706050	tt1869138	1	155
tt4706058	tt1869138	1	156
tt4707230	tt4702408	1	5
tt4707838	tt1869138	2	207
tt4707844	tt1869138	2	206
tt4707852	tt1869138	2	205
tt4707856	tt1869138	2	204
tt4707890	tt1869138	1	157
tt4707894	tt1869138	1	158
tt4707902	tt1869138	1	159
tt4707906	tt1869138	1	160
tt4707908	tt1869138	1	161
tt4707910	tt1869138	1	162
tt4707914	tt1869138	1	163
tt4707916	tt1869138	1	164
tt4707920	tt1869138	1	165
tt4707926	tt1869138	1	166
tt4707930	tt1869138	1	167
tt4707934	tt1869138	1	168
tt4707936	tt1869138	1	169
tt4707938	tt1869138	1	170
tt4707992	tt0401937	\N	\N
tt4707998	tt0401937	\N	\N
tt4708000	tt0401937	\N	\N
tt4708006	tt0401937	\N	\N
tt4708010	tt0401937	\N	\N
tt4708054	tt0401937	\N	\N
tt4708058	tt0401937	\N	\N
tt4708062	tt0401937	\N	\N
tt4708064	tt0401937	\N	\N
tt4708070	tt0401937	\N	\N
tt4708092	tt0401937	\N	\N
tt4708108	tt1869138	1	171
tt4708110	tt1869138	1	172
tt4708114	tt1869138	1	173
tt4708116	tt1869138	1	174
tt4708118	tt1869138	1	175
tt4708120	tt1869138	1	176
tt4708130	tt1869138	1	178
tt4708132	tt1869138	1	179
tt4708138	tt1869138	1	180
tt4708142	tt1869138	1	181
tt4708144	tt1869138	1	182
tt4708146	tt1869138	1	183
tt4708148	tt1869138	1	184
tt4708150	tt1869138	1	185
tt4708152	tt1869138	1	186
tt4708154	tt1869138	1	187
tt4708158	tt1869138	1	188
tt4708160	tt1869138	1	189
tt4708162	tt1869138	1	190
tt4708164	tt1869138	1	191
tt4708174	tt1869138	1	192
tt4708180	tt1869138	1	193
tt4708182	tt1869138	1	194
tt4708184	tt1869138	1	195
tt4708188	tt1869138	1	196
tt4708192	tt1869138	1	198
tt4708198	tt1869138	1	199
tt4708206	tt1869138	1	200
tt4708210	tt1869138	1	201
tt4708216	tt1869138	1	202
tt4708228	tt1869138	1	203
tt4708236	tt1869138	1	204
tt4708248	tt1869138	1	205
tt4708250	tt1869138	1	206
tt4708254	tt1869138	1	207
tt4708256	tt1869138	1	208
tt4708260	tt1869138	2	1
tt4715266	tt0416377	2	2
tt4715274	tt0416377	2	3
tt4715284	tt0416377	2	4
tt4715292	tt0416377	2	5
tt4715304	tt0416377	2	6
tt4715318	tt0416377	2	7
tt4715324	tt0416377	2	8
tt4715328	tt0416377	2	9
tt4715330	tt0416377	2	10
tt4715334	tt0416377	2	11
tt4715338	tt0416377	2	12
tt4715342	tt0416377	2	13
tt4715380	tt1869138	2	2
tt4716684	tt1869138	2	3
tt4716690	tt1869138	2	4
tt4716700	tt1869138	2	5
tt4716706	tt1869138	2	6
tt4716710	tt1869138	2	7
tt4716714	tt1869138	2	8
tt4716720	tt1869138	2	9
tt4716756	tt1869138	2	10
tt4716758	tt1869138	2	11
tt4716760	tt1869138	2	12
tt4716764	tt1869138	2	13
tt4716770	tt1869138	2	14
tt4716774	tt1869138	2	15
tt4716780	tt1869138	2	16
tt4716782	tt1869138	2	17
tt4716786	tt0401937	\N	\N
tt4716788	tt0401937	\N	\N
tt4716790	tt0401937	\N	\N
tt4716794	tt0401937	\N	\N
tt4716798	tt0401937	\N	\N
tt4717688	tt1869138	2	18
tt4717692	tt1869138	2	19
tt4717696	tt1869138	2	20
tt4717700	tt1869138	2	21
tt4717708	tt1869138	2	22
tt4717710	tt1869138	2	23
tt4717712	tt1869138	2	24
tt4717720	tt1869138	2	25
tt4717724	tt1869138	2	26
tt4717728	tt1869138	2	27
tt4717734	tt1869138	2	28
tt4717740	tt1869138	2	29
tt4717744	tt1869138	2	30
tt4717748	tt1869138	2	31
tt4717750	tt1869138	2	32
tt4717760	tt1869138	2	33
tt4717772	tt1869138	2	35
tt4717774	tt1869138	2	36
tt4717782	tt1869138	2	37
tt4717786	tt1869138	2	38
tt4717788	tt1869138	2	39
tt4717794	tt1869138	2	40
tt4717800	tt1869138	2	41
tt4717802	tt1869138	2	42
tt4717808	tt1869138	2	43
tt4717824	tt1869138	2	44
tt4717832	tt1869138	2	45
tt4717836	tt1869138	2	46
tt4717842	tt1869138	2	47
tt4717846	tt1869138	2	48
tt4717852	tt1869138	2	49
tt4717858	tt1869138	2	50
tt4719212	tt1869138	2	51
tt4719214	tt1869138	2	52
tt4719230	tt1869138	2	53
tt4719242	tt1869138	2	54
tt4719246	tt1869138	2	55
tt4719250	tt1869138	2	56
tt4719252	tt1869138	2	57
tt4719256	tt1869138	2	58
tt4719258	tt1869138	2	59
tt4719260	tt1869138	2	60
tt4719262	tt1869138	2	61
tt4719266	tt1869138	2	62
tt4719272	tt1869138	2	63
tt4719276	tt1869138	2	64
tt4719278	tt1869138	2	65
tt4719284	tt1869138	2	66
tt4719286	tt1869138	2	67
tt4719290	tt1869138	2	68
tt4719292	tt1869138	2	69
tt4719296	tt1869138	2	70
tt4720270	tt1869138	2	71
tt4720272	tt1869138	2	72
tt4720276	tt1869138	2	73
tt4720278	tt1869138	2	74
tt4720280	tt1869138	2	75
tt4720282	tt1869138	2	76
tt4720296	tt1869138	2	77
tt4720302	tt1869138	2	78
tt4720310	tt1869138	2	79
tt4720312	tt1869138	2	80
tt4720314	tt1869138	2	81
tt4720318	tt1869138	2	82
tt4720322	tt1869138	2	83
tt4720324	tt1869138	2	84
tt4720326	tt1869138	2	85
tt4720328	tt1869138	2	86
tt4720334	tt1869138	2	87
tt4720338	tt1869138	2	88
tt4720342	tt1869138	2	89
tt4720350	tt1869138	2	90
tt4720354	tt1869138	2	91
tt4720356	tt1869138	2	92
tt4720368	tt1869138	2	93
tt4720378	tt1869138	2	94
tt4720396	tt1869138	2	95
tt4720410	tt1869138	2	96
tt4720418	tt1869138	2	97
tt4720432	tt1869138	2	98
tt4720434	tt1869138	2	99
tt4720436	tt1869138	2	100
tt4720454	tt1869138	2	101
tt4720458	tt1869138	2	102
tt4720474	tt1869138	2	103
tt4720488	tt1869138	2	104
tt4720490	tt1869138	2	105
tt4720496	tt1869138	2	106
tt4720502	tt1869138	2	107
tt4720508	tt1869138	2	108
tt4720512	tt1869138	2	109
tt4720536	tt1869138	2	110
tt4720756	tt1869138	2	158
tt4720760	tt1869138	2	159
tt4720762	tt1869138	2	160
tt4721588	tt1869138	2	161
tt4721590	tt1869138	2	162
tt4721594	tt1869138	2	163
tt4721598	tt1869138	2	165
tt4721600	tt1869138	2	166
tt4721606	tt1869138	2	167
tt4721610	tt1869138	2	168
tt4721614	tt1869138	2	169
tt4721620	tt1869138	2	170
tt4721622	tt1869138	2	171
tt4721624	tt1869138	2	172
tt4721626	tt1869138	2	173
tt4721628	tt1869138	2	174
tt4721630	tt1869138	2	175
tt4721632	tt1869138	2	176
tt4721634	tt1869138	2	177
tt4721636	tt1869138	2	178
tt4721638	tt1869138	2	179
tt4721642	tt1869138	2	180
tt4721646	tt1869138	2	181
tt4721650	tt1869138	2	182
tt4721662	tt1869138	2	183
tt4721664	tt1869138	2	184
tt4721668	tt1869138	2	185
tt4721672	tt1869138	2	186
tt4721674	tt1869138	2	187
tt4721728	tt1869138	2	188
tt4721730	tt1869138	2	189
tt4721734	tt1869138	2	190
tt4721744	tt1869138	2	191
tt4721748	tt1869138	2	192
tt4721758	tt1869138	2	193
tt4721762	tt1869138	2	194
tt4721770	tt1869138	2	195
tt4721778	tt1869138	2	196
tt4721782	tt1869138	2	197
tt4721786	tt1869138	2	198
tt4721798	tt1869138	2	199
tt4721806	tt1869138	2	200
tt4721808	tt1869138	2	201
tt4721812	tt1869138	2	202
tt4721874	tt1869138	2	203
tt4722404	tt0401937	\N	\N
tt4722406	tt0401937	\N	\N
tt4722408	tt0401937	\N	\N
tt4722410	tt0401937	\N	\N
tt4722414	tt0401937	\N	\N
tt4722418	tt0401937	\N	\N
tt4722420	tt0401937	\N	\N
tt4722422	tt0401937	\N	\N
tt4722896	tt0401937	\N	\N
tt4722898	tt0401937	\N	\N
tt4722900	tt0401937	\N	\N
tt4722920	tt0401937	\N	\N
tt4722924	tt0401937	\N	\N
tt4722928	tt0401937	\N	\N
tt4722930	tt0401937	\N	\N
tt4722934	tt0401937	\N	\N
tt4722938	tt0401937	\N	\N
tt4722940	tt0401937	\N	\N
tt4722946	tt0401937	\N	\N
tt4722948	tt0401937	\N	\N
tt4722950	tt0401937	\N	\N
tt4722954	tt0401937	\N	\N
tt4722956	tt0401937	\N	\N
tt4722962	tt0401937	\N	\N
tt4722964	tt0401937	\N	\N
tt4722968	tt0401937	\N	\N
tt4722970	tt0401937	\N	\N
tt4722974	tt0401937	\N	\N
tt4722976	tt0401937	\N	\N
tt4722980	tt0401937	\N	\N
tt4722982	tt0401937	\N	\N
tt4722984	tt0401937	\N	\N
tt4722992	tt0401937	\N	\N
tt4722994	tt0401937	\N	\N
tt4722996	tt0401937	\N	\N
tt4722998	tt0401937	\N	\N
tt4723004	tt0401937	\N	\N
tt4723010	tt0401937	\N	\N
tt4723012	tt0401937	\N	\N
tt4723014	tt0401937	\N	\N
tt4723016	tt0401937	\N	\N
tt4723034	tt0401937	\N	\N
tt4723036	tt0401937	\N	\N
tt4723038	tt0401937	\N	\N
tt4723042	tt0401937	\N	\N
tt4723044	tt0401937	\N	\N
tt4723046	tt0401937	\N	\N
tt4723050	tt0401937	\N	\N
tt4723054	tt0401937	\N	\N
tt4723056	tt0401937	\N	\N
tt4724290	tt0401937	\N	\N
tt4724294	tt0401937	\N	\N
tt4724308	tt0401937	\N	\N
tt4724310	tt0401937	\N	\N
tt4724314	tt0401937	\N	\N
tt4724386	tt0401937	\N	\N
tt4724420	tt0401937	\N	\N
tt4724426	tt0401937	\N	\N
tt4724448	tt0401937	\N	\N
tt4724452	tt0401937	\N	\N
tt4724596	tt0401937	\N	\N
tt4724666	tt0401937	\N	\N
tt4724674	tt0401937	\N	\N
tt4724692	tt0401937	\N	\N
tt4724698	tt0401937	\N	\N
tt4725234	tt0401937	\N	\N
tt4725236	tt0401937	\N	\N
tt4725240	tt0401937	\N	\N
tt4725244	tt0401937	\N	\N
tt4725246	tt0401937	\N	\N
tt4725250	tt0401937	\N	\N
tt4727308	tt0401937	\N	\N
tt4727312	tt0401937	\N	\N
tt4727348	tt0401937	\N	\N
tt4727430	tt0401937	\N	\N
tt4727438	tt0401937	\N	\N
tt4727442	tt0401937	\N	\N
tt4727446	tt0401937	\N	\N
tt4727448	tt0401937	\N	\N
tt4727450	tt0401937	\N	\N
tt4727458	tt0401937	\N	\N
tt4727482	tt0401937	\N	\N
tt4727484	tt0401937	\N	\N
tt4727494	tt0401937	\N	\N
tt4727498	tt0401937	\N	\N
tt4727500	tt0401937	\N	\N
tt4727504	tt0401937	\N	\N
tt4727510	tt0401937	\N	\N
tt4727516	tt0401937	\N	\N
tt4727522	tt0401937	\N	\N
tt4727524	tt0401937	\N	\N
tt4727528	tt0401937	\N	\N
tt4727532	tt0401937	\N	\N
tt4727538	tt0401937	\N	\N
tt4728420	tt0401937	\N	\N
tt4728468	tt0401937	\N	\N
tt4728470	tt0401937	\N	\N
tt4728472	tt0401937	\N	\N
tt4728474	tt0401937	\N	\N
tt4728476	tt0401937	\N	\N
tt4728478	tt0401937	\N	\N
tt4728480	tt0401937	\N	\N
tt4728484	tt0401937	\N	\N
tt4728486	tt0401937	\N	\N
tt4728488	tt0401937	\N	\N
tt4728494	tt0401937	\N	\N
tt4728496	tt0401937	\N	\N
tt4728498	tt0401937	\N	\N
tt4728502	tt0401937	\N	\N
tt4728506	tt0401937	\N	\N
tt4728510	tt0401937	\N	\N
tt4728512	tt0401937	\N	\N
tt4728514	tt0401937	\N	\N
tt4728516	tt0401937	\N	\N
tt4728518	tt0401937	\N	\N
tt4738714	tt0401937	\N	\N
tt4738766	tt0401937	\N	\N
tt4738770	tt0401937	\N	\N
tt4738780	tt0401937	\N	\N
tt4738784	tt0401937	\N	\N
tt4738786	tt0401937	\N	\N
tt4738788	tt0401937	\N	\N
tt4738790	tt0401937	\N	\N
tt4738792	tt0401937	\N	\N
tt4738796	tt0401937	\N	\N
tt4738800	tt0401937	\N	\N
tt4738804	tt0401937	\N	\N
tt4738808	tt0401937	\N	\N
tt4738814	tt0401937	\N	\N
tt4738820	tt0401937	\N	\N
tt4738824	tt0401937	\N	\N
tt4738830	tt0401937	\N	\N
tt4738836	tt0401937	\N	\N
tt4738840	tt0401937	\N	\N
tt4738846	tt0401937	\N	\N
tt4738850	tt0401937	\N	\N
tt4738852	tt0401937	\N	\N
tt4741760	tt0401937	\N	\N
tt4741766	tt0401937	\N	\N
tt4742298	tt0401937	\N	\N
tt4742310	tt0401937	\N	\N
tt4742316	tt0401937	\N	\N
tt4742322	tt0401937	\N	\N
tt4742326	tt0401937	\N	\N
tt4742336	tt0401937	\N	\N
tt4742344	tt0401937	\N	\N
tt4742364	tt0401937	\N	\N
tt4742370	tt0401937	\N	\N
tt4742378	tt0401937	\N	\N
tt4742388	tt0401937	\N	\N
tt4742392	tt0401937	\N	\N
tt4742402	tt0401937	\N	\N
tt4742406	tt0401937	\N	\N
tt4742414	tt0401937	\N	\N
tt4742418	tt0401937	\N	\N
tt4742420	tt0401937	\N	\N
tt4742640	tt0401937	\N	\N
tt4742646	tt0401937	\N	\N
tt4742652	tt0401937	\N	\N
tt4742658	tt0401937	\N	\N
tt4742662	tt0401937	\N	\N
tt4742674	tt0401937	\N	\N
tt4742676	tt0401937	\N	\N
tt4742680	tt0401937	\N	\N
tt4742684	tt0401937	\N	\N
tt4742688	tt0401937	\N	\N
tt4742696	tt0401937	\N	\N
tt4742702	tt0401937	\N	\N
tt4742714	tt0401937	\N	\N
tt4742724	tt0401937	\N	\N
tt4742730	tt0401937	\N	\N
tt4742734	tt0401937	\N	\N
tt4742742	tt0401937	\N	\N
tt4742750	tt0401937	\N	\N
tt4742754	tt0401937	\N	\N
tt4742760	tt0401937	\N	\N
tt4742768	tt0401937	\N	\N
tt4742770	tt0401937	\N	\N
tt4742780	tt0401937	\N	\N
tt4742788	tt0401937	\N	\N
tt4742954	tt0401937	\N	\N
tt4742966	tt0401937	\N	\N
tt4742968	tt0401937	\N	\N
tt4742982	tt0401937	\N	\N
tt4742992	tt0401937	\N	\N
tt4743000	tt0401937	\N	\N
tt4743008	tt0401937	\N	\N
tt4743010	tt0401937	\N	\N
tt4743014	tt0401937	\N	\N
tt4743016	tt0401937	\N	\N
tt4743028	tt0401937	\N	\N
tt4743054	tt0401937	\N	\N
tt4743060	tt0401937	\N	\N
tt4743064	tt0401937	\N	\N
tt4743070	tt0401937	\N	\N
tt4743082	tt0401937	\N	\N
tt4743088	tt0401937	\N	\N
tt4743098	tt0401937	\N	\N
tt4743102	tt0401937	\N	\N
tt4743108	tt0401937	\N	\N
tt4743118	tt0401937	\N	\N
tt4743128	tt0401937	\N	\N
tt4743130	tt0401937	\N	\N
tt4743136	tt0401937	\N	\N
tt4743144	tt0401937	\N	\N
tt4743148	tt0401937	\N	\N
tt4743154	tt0401937	\N	\N
tt4743156	tt0401937	\N	\N
tt4743160	tt0401937	\N	\N
tt4743164	tt0401937	\N	\N
tt4743176	tt0401937	\N	\N
tt4743182	tt0401937	\N	\N
tt4743186	tt0401937	\N	\N
tt4743188	tt0401937	\N	\N
tt4743194	tt0401937	\N	\N
tt4743198	tt0401937	\N	\N
tt4743202	tt0401937	\N	\N
tt4743208	tt0401937	\N	\N
tt4743214	tt0401937	\N	\N
tt4743222	tt0401937	\N	\N
tt4743230	tt0401937	\N	\N
tt4743240	tt0401937	\N	\N
tt4743242	tt0401937	\N	\N
tt4743256	tt0401937	\N	\N
tt4743262	tt0401937	\N	\N
tt4743264	tt0401937	\N	\N
tt4743272	tt0401937	\N	\N
tt4743276	tt0401937	\N	\N
tt4743288	tt0401937	\N	\N
tt4743294	tt0401937	\N	\N
tt4743296	tt0401937	\N	\N
tt4743308	tt0401937	\N	\N
tt4743314	tt0401937	\N	\N
tt4743324	tt0401937	\N	\N
tt4743330	tt0401937	\N	\N
tt4743334	tt0401937	\N	\N
tt4743336	tt0401937	\N	\N
tt4743342	tt0401937	\N	\N
tt4743344	tt0401937	\N	\N
tt4743352	tt0401937	\N	\N
tt4743354	tt0401937	\N	\N
tt4743358	tt0401937	\N	\N
tt4743360	tt0401937	\N	\N
tt4743368	tt0401937	\N	\N
tt4743372	tt0401937	\N	\N
tt4743374	tt0401937	\N	\N
tt4743378	tt0401937	\N	\N
tt4743392	tt0401937	\N	\N
tt4743396	tt0401937	\N	\N
tt4744328	tt0401937	\N	\N
tt4744332	tt0401937	\N	\N
tt4744334	tt0401937	\N	\N
tt4744336	tt0401937	\N	\N
tt4744342	tt0401937	\N	\N
tt4744348	tt0401937	\N	\N
tt4744350	tt0401937	\N	\N
tt4744362	tt0401937	\N	\N
tt4744364	tt0401937	\N	\N
tt4744366	tt0401937	\N	\N
tt4744370	tt0401937	\N	\N
tt4744374	tt0401937	\N	\N
tt4747892	tt0401937	\N	\N
tt4747900	tt0401937	\N	\N
tt4747902	tt0401937	\N	\N
tt4747904	tt0401937	\N	\N
tt4747906	tt0401937	\N	\N
tt4747908	tt0401937	\N	\N
tt4747910	tt0401937	\N	\N
tt4747912	tt0401937	\N	\N
tt4747916	tt0401937	\N	\N
tt4747918	tt0401937	\N	\N
tt4747922	tt0401937	\N	\N
tt4747924	tt0401937	\N	\N
tt4747926	tt0401937	\N	\N
tt4747928	tt0401937	\N	\N
tt4747930	tt0401937	\N	\N
tt4747934	tt0401937	\N	\N
tt4747936	tt0401937	\N	\N
tt4747938	tt0401937	\N	\N
tt4747940	tt0401937	\N	\N
tt4747942	tt0401937	\N	\N
tt4747944	tt0401937	\N	\N
tt4747946	tt0401937	\N	\N
tt4747948	tt0401937	\N	\N
tt4747950	tt0401937	\N	\N
tt4747952	tt0401937	\N	\N
tt4747954	tt0401937	\N	\N
tt4747956	tt0401937	\N	\N
tt4747958	tt0401937	\N	\N
tt4747960	tt0401937	\N	\N
tt4747962	tt0401937	\N	\N
tt4747964	tt0401937	\N	\N
tt4747966	tt0401937	\N	\N
tt4747968	tt0401937	\N	\N
tt4747970	tt0401937	\N	\N
tt4747972	tt0401937	\N	\N
tt4747974	tt0401937	\N	\N
tt4747978	tt0401937	\N	\N
tt4747980	tt0401937	\N	\N
tt4747982	tt0401937	\N	\N
tt4747984	tt0401937	\N	\N
tt4747986	tt0401937	\N	\N
tt4747988	tt0401937	\N	\N
tt4747990	tt0401937	\N	\N
tt4747992	tt0401937	\N	\N
tt4747994	tt0401937	\N	\N
tt4747996	tt0401937	\N	\N
tt4747998	tt0401937	\N	\N
tt4748000	tt0401937	\N	\N
tt4748002	tt0401937	\N	\N
tt4748004	tt0401937	\N	\N
tt4748008	tt0401937	\N	\N
tt4748010	tt0401937	\N	\N
tt4748012	tt0401937	\N	\N
tt4748014	tt0401937	\N	\N
tt4748016	tt0401937	\N	\N
tt4748018	tt0401937	\N	\N
tt4748020	tt0401937	\N	\N
tt4748024	tt0401937	\N	\N
tt4748026	tt0401937	\N	\N
tt4748030	tt0401937	\N	\N
tt4748032	tt0401937	\N	\N
tt4748034	tt0401937	\N	\N
tt4748036	tt0401937	\N	\N
tt4748038	tt0401937	\N	\N
tt4748040	tt0401937	\N	\N
tt4748042	tt0401937	\N	\N
tt4748048	tt0401937	\N	\N
tt4748050	tt0401937	\N	\N
tt4748052	tt0401937	\N	\N
tt4748054	tt0401937	\N	\N
tt4748056	tt0401937	\N	\N
tt4748058	tt0401937	\N	\N
tt4748060	tt0401937	\N	\N
tt4748062	tt0401937	\N	\N
tt4748064	tt0401937	\N	\N
tt4748066	tt0401937	\N	\N
tt4748068	tt0401937	\N	\N
tt4748070	tt0401937	\N	\N
tt4748072	tt0401937	\N	\N
tt4748074	tt0401937	\N	\N
tt4748076	tt0401937	\N	\N
tt4748078	tt0401937	\N	\N
tt4748082	tt0401937	\N	\N
tt4748084	tt0401937	\N	\N
tt4748088	tt0401937	\N	\N
tt4748090	tt0401937	\N	\N
tt4748092	tt0401937	\N	\N
tt4748096	tt0401937	\N	\N
tt4748098	tt0401937	\N	\N
tt4748102	tt0401937	\N	\N
tt4748108	tt0401937	\N	\N
tt4748114	tt0401937	\N	\N
tt4748134	tt0401937	\N	\N
tt4748150	tt0401937	\N	\N
tt4748152	tt0401937	\N	\N
tt4748154	tt0401937	\N	\N
tt4748156	tt0401937	\N	\N
tt4748162	tt0401937	\N	\N
tt4748164	tt0401937	\N	\N
tt4748168	tt0401937	\N	\N
tt4748170	tt0401937	\N	\N
tt4748172	tt0401937	\N	\N
tt4748178	tt0401937	\N	\N
tt4748330	tt0401937	\N	\N
tt4748332	tt0401937	\N	\N
tt4748334	tt0401937	\N	\N
tt4748336	tt0401937	\N	\N
tt4748340	tt0401937	\N	\N
tt4748344	tt0401937	\N	\N
tt4748346	tt0401937	\N	\N
tt4748348	tt0401937	\N	\N
tt4748350	tt0401937	\N	\N
tt4748352	tt0401937	\N	\N
tt4748354	tt0401937	\N	\N
tt4748358	tt0401937	\N	\N
tt4748360	tt0401937	\N	\N
tt4748364	tt0401937	\N	\N
tt4748366	tt0401937	\N	\N
tt4748368	tt0401937	\N	\N
tt4748370	tt0401937	\N	\N
tt4748374	tt0401937	\N	\N
tt4748376	tt0401937	\N	\N
tt4748378	tt0401937	\N	\N
tt4748380	tt0401937	\N	\N
tt4748382	tt0401937	\N	\N
tt4748384	tt0401937	\N	\N
tt4748388	tt0401937	\N	\N
tt4748392	tt0401937	\N	\N
tt4748394	tt0401937	\N	\N
tt4748396	tt0401937	\N	\N
tt4748400	tt0401937	\N	\N
tt4748402	tt0401937	\N	\N
tt4748406	tt0401937	\N	\N
tt4748410	tt0401937	\N	\N
tt4748412	tt0401937	\N	\N
tt4748414	tt0401937	\N	\N
tt4748420	tt0401937	\N	\N
tt4755298	tt0401937	\N	\N
tt4755300	tt0401937	\N	\N
tt4755302	tt0401937	\N	\N
tt4755304	tt0401937	\N	\N
tt4755306	tt0401937	\N	\N
tt4755308	tt0401937	\N	\N
tt4755310	tt0401937	\N	\N
tt4755314	tt0401937	\N	\N
tt4755318	tt0401937	\N	\N
tt4755320	tt0401937	\N	\N
tt4755322	tt0401937	\N	\N
tt4755324	tt0401937	\N	\N
tt4755326	tt0401937	\N	\N
tt4755328	tt0401937	\N	\N
tt4755332	tt0401937	\N	\N
tt4755334	tt0401937	\N	\N
tt4755342	tt0401937	\N	\N
tt4755344	tt0401937	\N	\N
tt4755348	tt0401937	\N	\N
tt4755350	tt0401937	\N	\N
tt4755352	tt0401937	\N	\N
tt4755354	tt0401937	\N	\N
tt4755356	tt0401937	\N	\N
tt4755358	tt0401937	\N	\N
tt4755360	tt0401937	\N	\N
tt4755362	tt0401937	\N	\N
tt4755364	tt0401937	\N	\N
tt4755366	tt0401937	\N	\N
tt4755368	tt0401937	\N	\N
tt4755372	tt0401937	\N	\N
tt4755374	tt0401937	\N	\N
tt4755376	tt0401937	\N	\N
tt4755378	tt0401937	\N	\N
tt4755380	tt0401937	\N	\N
tt4755382	tt0401937	\N	\N
tt4755386	tt0401937	\N	\N
tt4755390	tt0401937	\N	\N
tt4755392	tt0401937	\N	\N
tt4755394	tt0401937	\N	\N
tt4755396	tt0401937	\N	\N
tt4755400	tt0401937	\N	\N
tt4755402	tt0401937	\N	\N
tt4757702	tt0401937	\N	\N
tt4757704	tt0401937	\N	\N
tt4757706	tt0401937	\N	\N
tt4757708	tt0401937	\N	\N
tt4757712	tt0401937	\N	\N
tt4757714	tt0401937	\N	\N
tt4757718	tt0401937	\N	\N
tt4757722	tt0401937	\N	\N
tt4757724	tt0401937	\N	\N
tt4757726	tt0401937	\N	\N
tt4757728	tt0401937	\N	\N
tt4757730	tt0401937	\N	\N
tt4757732	tt0401937	\N	\N
tt4757736	tt0401937	\N	\N
tt4757738	tt0401937	\N	\N
tt4757740	tt0401937	\N	\N
tt4757744	tt0401937	\N	\N
tt4757746	tt0401937	\N	\N
tt4757748	tt0401937	\N	\N
tt4757750	tt0401937	\N	\N
tt4757752	tt0401937	\N	\N
tt4757754	tt0401937	\N	\N
tt4757756	tt0401937	\N	\N
tt4757758	tt0401937	\N	\N
tt4757762	tt0401937	\N	\N
tt4757764	tt0401937	\N	\N
tt4757766	tt0401937	\N	\N
tt4757768	tt0401937	\N	\N
tt4757770	tt0401937	\N	\N
tt4757772	tt0401937	\N	\N
tt4757774	tt0401937	\N	\N
tt4757776	tt0401937	\N	\N
tt4757778	tt0401937	\N	\N
tt4757780	tt0401937	\N	\N
tt4757782	tt0401937	\N	\N
tt4757784	tt0401937	\N	\N
tt4757786	tt0401937	\N	\N
tt4757788	tt0401937	\N	\N
tt4757790	tt0401937	\N	\N
tt4757792	tt0401937	\N	\N
tt4757794	tt0401937	\N	\N
tt4757800	tt0401937	\N	\N
tt4757802	tt0401937	\N	\N
tt4757804	tt0401937	\N	\N
tt4757806	tt0401937	\N	\N
tt4757808	tt0401937	\N	\N
tt4757810	tt0401937	\N	\N
tt4757812	tt0401937	\N	\N
tt4757814	tt0401937	\N	\N
tt4757816	tt0401937	\N	\N
tt4757818	tt0401937	\N	\N
tt4757820	tt0401937	\N	\N
tt4757822	tt0401937	\N	\N
tt4757824	tt0401937	\N	\N
tt4757826	tt0401937	\N	\N
tt4757828	tt0401937	\N	\N
tt4757830	tt0401937	\N	\N
tt4757834	tt0401937	\N	\N
tt4757836	tt0401937	\N	\N
tt4757838	tt0401937	\N	\N
tt4757840	tt0401937	\N	\N
tt4757842	tt0401937	\N	\N
tt4757844	tt0401937	\N	\N
tt4757846	tt0401937	\N	\N
tt4757850	tt0401937	\N	\N
tt4757854	tt0401937	\N	\N
tt4757856	tt0401937	\N	\N
tt4757858	tt0401937	\N	\N
tt4757862	tt0401937	\N	\N
tt4757864	tt0401937	\N	\N
tt4757868	tt0401937	\N	\N
tt4757870	tt0401937	\N	\N
tt4757872	tt0401937	\N	\N
tt4757874	tt0401937	\N	\N
tt4757876	tt0401937	\N	\N
tt4757878	tt0401937	\N	\N
tt4757880	tt0401937	\N	\N
tt4757882	tt0401937	\N	\N
tt4757884	tt0401937	\N	\N
tt4757886	tt0401937	\N	\N
tt4757896	tt0401937	\N	\N
tt4757898	tt0401937	\N	\N
tt4757900	tt0401937	\N	\N
tt4757902	tt0401937	\N	\N
tt4757904	tt0401937	\N	\N
tt4757906	tt0401937	\N	\N
tt4757908	tt0401937	\N	\N
tt4757910	tt0401937	\N	\N
tt4757914	tt0401937	\N	\N
tt4757916	tt0401937	\N	\N
tt4757918	tt0401937	\N	\N
tt4757920	tt0401937	\N	\N
tt4757922	tt0401937	\N	\N
tt4757924	tt0401937	\N	\N
tt4757926	tt0401937	\N	\N
tt4757928	tt0401937	\N	\N
tt4757930	tt0401937	\N	\N
tt4757932	tt0401937	\N	\N
tt4757934	tt0401937	\N	\N
tt4757948	tt0401937	\N	\N
tt4757950	tt0401937	\N	\N
tt4757952	tt0401937	\N	\N
tt4757954	tt0401937	\N	\N
tt4757956	tt0401937	\N	\N
tt4757962	tt0401937	\N	\N
tt4757964	tt0401937	\N	\N
tt4757966	tt0401937	\N	\N
tt4757968	tt0401937	\N	\N
tt4757974	tt0401937	\N	\N
tt4757976	tt0401937	\N	\N
tt4757978	tt0401937	\N	\N
tt4757980	tt0401937	\N	\N
tt4757984	tt0401937	\N	\N
tt4758000	tt0401937	\N	\N
tt4758002	tt0401937	\N	\N
tt4758004	tt0401937	\N	\N
tt4758006	tt0401937	\N	\N
tt4758008	tt0401937	\N	\N
tt4758010	tt0401937	\N	\N
tt4758012	tt0401937	\N	\N
tt4758020	tt0401937	\N	\N
tt4758022	tt0401937	\N	\N
tt4758026	tt0401937	\N	\N
tt4758028	tt0401937	\N	\N
tt4758030	tt0401937	\N	\N
tt4758032	tt0401937	\N	\N
tt4758034	tt0401937	\N	\N
tt4758038	tt0401937	\N	\N
tt4758040	tt0401937	\N	\N
tt4758042	tt0401937	\N	\N
tt4758044	tt0401937	\N	\N
tt4758046	tt0401937	\N	\N
tt4758048	tt0401937	\N	\N
tt4758052	tt0401937	\N	\N
tt4758054	tt0401937	\N	\N
tt4758058	tt0401937	\N	\N
tt4758060	tt0401937	\N	\N
tt4758062	tt0401937	\N	\N
tt4758064	tt0401937	\N	\N
tt4758068	tt0401937	\N	\N
tt4758070	tt0401937	\N	\N
tt4758072	tt0401937	\N	\N
tt4758074	tt0401937	\N	\N
tt4758076	tt0401937	\N	\N
tt4758080	tt0401937	\N	\N
tt4758082	tt0401937	\N	\N
tt4758084	tt0401937	\N	\N
tt4758088	tt0401937	\N	\N
tt4758092	tt0401937	\N	\N
tt4758094	tt0401937	\N	\N
tt4758096	tt0401937	\N	\N
tt4758098	tt0401937	\N	\N
tt4758100	tt0401937	\N	\N
tt4758102	tt0401937	\N	\N
tt4758110	tt0401937	\N	\N
tt4758112	tt0401937	\N	\N
tt4758114	tt0401937	\N	\N
tt4758116	tt0401937	\N	\N
tt4758118	tt0401937	\N	\N
tt4758120	tt0401937	\N	\N
tt4758122	tt0401937	\N	\N
tt4758124	tt0401937	\N	\N
tt4758132	tt0401937	\N	\N
tt4758134	tt0401937	\N	\N
tt4758136	tt0401937	\N	\N
tt4758140	tt0401937	\N	\N
tt4758142	tt0401937	\N	\N
tt4758144	tt0401937	\N	\N
tt4758146	tt0401937	\N	\N
tt4758148	tt0401937	\N	\N
tt4758150	tt0401937	\N	\N
tt4758152	tt0401937	\N	\N
tt4758156	tt0401937	\N	\N
tt4758158	tt0401937	\N	\N
tt4758162	tt0401937	\N	\N
tt4758164	tt0401937	\N	\N
tt4758166	tt0401937	\N	\N
tt4758170	tt0401937	\N	\N
tt4758172	tt0401937	\N	\N
tt4758174	tt0401937	\N	\N
tt4758176	tt0401937	\N	\N
tt4758178	tt0401937	\N	\N
tt4758180	tt0401937	\N	\N
tt4758182	tt0401937	\N	\N
tt4758184	tt0401937	\N	\N
tt4758186	tt0401937	\N	\N
tt4758188	tt0401937	\N	\N
tt4758190	tt0401937	\N	\N
tt4758194	tt0401937	\N	\N
tt4758196	tt0401937	\N	\N
tt4758198	tt0401937	\N	\N
tt4758200	tt0401937	\N	\N
tt4758202	tt0401937	\N	\N
tt4758204	tt0401937	\N	\N
tt4758206	tt0401937	\N	\N
tt4758208	tt0401937	\N	\N
tt4758214	tt0401937	\N	\N
tt4758216	tt0401937	\N	\N
tt4758220	tt0401937	\N	\N
tt4758222	tt0401937	\N	\N
tt4758224	tt0401937	\N	\N
tt4758226	tt0401937	\N	\N
tt4758230	tt0401937	\N	\N
tt4758232	tt0401937	\N	\N
tt4758238	tt0401937	\N	\N
tt4758240	tt0401937	\N	\N
tt4758242	tt0401937	\N	\N
tt4758458	tt0401937	\N	\N
tt4758460	tt0401937	\N	\N
tt4758462	tt0401937	\N	\N
tt4758464	tt0401937	\N	\N
tt4758466	tt0401937	\N	\N
tt4758468	tt0401937	\N	\N
tt4758470	tt0401937	\N	\N
tt4758472	tt0401937	\N	\N
tt4758474	tt0401937	\N	\N
tt4758476	tt0401937	\N	\N
tt4758478	tt0401937	\N	\N
tt4758480	tt0401937	\N	\N
tt4758482	tt0401937	\N	\N
tt4758484	tt0401937	\N	\N
tt4758486	tt0401937	\N	\N
tt4758488	tt0401937	\N	\N
tt4758490	tt0401937	\N	\N
tt4758494	tt0401937	\N	\N
tt4758496	tt0401937	\N	\N
tt4758498	tt0401937	\N	\N
tt4758500	tt0401937	\N	\N
tt4758502	tt0401937	\N	\N
tt4758506	tt0401937	\N	\N
tt4758508	tt0401937	\N	\N
tt4758510	tt0401937	\N	\N
tt4758512	tt0401937	\N	\N
tt4758514	tt0401937	\N	\N
tt4758516	tt0401937	\N	\N
tt4758518	tt0401937	\N	\N
tt4758522	tt0401937	\N	\N
tt4758524	tt0401937	\N	\N
tt4758526	tt0401937	\N	\N
tt4758530	tt0401937	\N	\N
tt4758534	tt0401937	\N	\N
tt4758536	tt0401937	\N	\N
tt4758538	tt0401937	\N	\N
tt4758540	tt0401937	\N	\N
tt4758542	tt0401937	\N	\N
tt4758544	tt0401937	\N	\N
tt4758546	tt0401937	\N	\N
tt4758548	tt0401937	\N	\N
tt4758582	tt0401937	\N	\N
tt4758584	tt0401937	\N	\N
tt4758586	tt0401937	\N	\N
tt4758590	tt0401937	\N	\N
tt4758592	tt0401937	\N	\N
tt4758594	tt0401937	\N	\N
tt4758598	tt0401937	\N	\N
tt4758600	tt0401937	\N	\N
tt4758602	tt0401937	\N	\N
tt4758604	tt0401937	\N	\N
tt4758606	tt0401937	\N	\N
tt4758608	tt0401937	\N	\N
tt4758610	tt0401937	\N	\N
tt4758614	tt0401937	\N	\N
tt4758616	tt0401937	\N	\N
tt4758618	tt0401937	\N	\N
tt4758620	tt0401937	\N	\N
tt4758622	tt0401937	\N	\N
tt4758624	tt0401937	\N	\N
tt4758632	tt0401937	\N	\N
tt4758636	tt0401937	\N	\N
tt4758638	tt0401937	\N	\N
tt4758640	tt0401937	\N	\N
tt4758644	tt0401937	\N	\N
tt4758648	tt0401937	\N	\N
tt4758650	tt0401937	\N	\N
tt4758654	tt0401937	\N	\N
tt4758656	tt0401937	\N	\N
tt4758658	tt0401937	\N	\N
tt4758660	tt0401937	\N	\N
tt4758662	tt0401937	\N	\N
tt4758666	tt0401937	\N	\N
tt4758668	tt0401937	\N	\N
tt4758672	tt0401937	\N	\N
tt4758674	tt0401937	\N	\N
tt4758678	tt0401937	\N	\N
tt4758688	tt0401937	\N	\N
tt4758692	tt0401937	\N	\N
tt4758694	tt0401937	\N	\N
tt4758696	tt0401937	\N	\N
tt4758700	tt0401937	\N	\N
tt4758702	tt0401937	\N	\N
tt4758704	tt0401937	\N	\N
tt4758706	tt0401937	\N	\N
tt4758708	tt0401937	\N	\N
tt4758712	tt0401937	\N	\N
tt4758714	tt0401937	\N	\N
tt4758720	tt0401937	\N	\N
tt4758722	tt0401937	\N	\N
tt4758724	tt0401937	\N	\N
tt4758728	tt0401937	\N	\N
tt4758730	tt0401937	\N	\N
tt4758734	tt0401937	\N	\N
tt4758736	tt0401937	\N	\N
tt4758740	tt0401937	\N	\N
tt4758746	tt0401937	\N	\N
tt4758750	tt0401937	\N	\N
tt4758752	tt0401937	\N	\N
tt4758754	tt0401937	\N	\N
tt4758756	tt0401937	\N	\N
tt4758758	tt0401937	\N	\N
tt4758762	tt0401937	\N	\N
tt4758764	tt0401937	\N	\N
tt4758766	tt0401937	\N	\N
tt4758768	tt0401937	\N	\N
tt4758770	tt0401937	\N	\N
tt4758774	tt0401937	\N	\N
tt4758776	tt0401937	\N	\N
tt4758778	tt0401937	\N	\N
tt4758780	tt0401937	\N	\N
tt4758782	tt0401937	\N	\N
tt4758784	tt0401937	\N	\N
tt4758786	tt0401937	\N	\N
tt4758792	tt0401937	\N	\N
tt4758794	tt0401937	\N	\N
tt4758798	tt0401937	\N	\N
tt4758800	tt0401937	\N	\N
tt4758802	tt0401937	\N	\N
tt4758808	tt0401937	\N	\N
tt4758814	tt0401937	\N	\N
tt4758816	tt0401937	\N	\N
tt4758822	tt0401937	\N	\N
tt4758824	tt0401937	\N	\N
tt4758830	tt0401937	\N	\N
tt4758832	tt0401937	\N	\N
tt4758836	tt0401937	\N	\N
tt4758838	tt0401937	\N	\N
tt4758840	tt0401937	\N	\N
tt4758842	tt0401937	\N	\N
tt4758844	tt0401937	\N	\N
tt4758846	tt0401937	\N	\N
tt4758848	tt0401937	\N	\N
tt4758850	tt0401937	\N	\N
tt4758852	tt0401937	\N	\N
tt4758854	tt0401937	\N	\N
tt4758856	tt0401937	\N	\N
tt4758858	tt0401937	\N	\N
tt4758860	tt0401937	\N	\N
tt4758862	tt0401937	\N	\N
tt4758864	tt0401937	\N	\N
tt4758866	tt0401937	\N	\N
tt4758870	tt0401937	\N	\N
tt4758876	tt0401937	\N	\N
tt4758878	tt0401937	\N	\N
tt4758882	tt0401937	\N	\N
tt4758884	tt0401937	\N	\N
tt4758886	tt0401937	\N	\N
tt4758888	tt0401937	\N	\N
tt4758890	tt0401937	\N	\N
tt4758892	tt0401937	\N	\N
tt4758898	tt0401937	\N	\N
tt4758900	tt0401937	\N	\N
tt4758902	tt0401937	\N	\N
tt4758904	tt0401937	\N	\N
tt4758910	tt0401937	\N	\N
tt4758912	tt0401937	\N	\N
tt4758914	tt0401937	\N	\N
tt4758916	tt0401937	\N	\N
tt4758918	tt0401937	\N	\N
tt4758920	tt0401937	\N	\N
tt4758922	tt0401937	\N	\N
tt4758924	tt0401937	\N	\N
tt4758926	tt0401937	\N	\N
tt4758928	tt0401937	\N	\N
tt4758930	tt0401937	\N	\N
tt4758932	tt0401937	\N	\N
tt4758934	tt0401937	\N	\N
tt4758938	tt0401937	\N	\N
tt4758940	tt0401937	\N	\N
tt4758942	tt0401937	\N	\N
tt4758946	tt0401937	\N	\N
tt4758948	tt0401937	\N	\N
tt4758952	tt0401937	\N	\N
tt4758956	tt0401937	\N	\N
tt4758958	tt0401937	\N	\N
tt4758960	tt0401937	\N	\N
tt4758962	tt0401937	\N	\N
tt4758964	tt0401937	\N	\N
tt4758966	tt0401937	\N	\N
tt4758968	tt0401937	\N	\N
tt4758970	tt0401937	\N	\N
tt4758972	tt0401937	\N	\N
tt4758974	tt0401937	\N	\N
tt4758976	tt0401937	\N	\N
tt4758978	tt0401937	\N	\N
tt4758984	tt0401937	\N	\N
tt4758986	tt0401937	\N	\N
tt4758988	tt0401937	\N	\N
tt4758990	tt0401937	\N	\N
tt4758992	tt0401937	\N	\N
tt4758994	tt0401937	\N	\N
tt4758996	tt0401937	\N	\N
tt4759000	tt0401937	\N	\N
tt4759002	tt0401937	\N	\N
tt4759006	tt0401937	\N	\N
tt4759010	tt0401937	\N	\N
tt4759012	tt0401937	\N	\N
tt4759014	tt0401937	\N	\N
tt4759016	tt0401937	\N	\N
tt4759018	tt0401937	\N	\N
tt4759022	tt0401937	\N	\N
tt4759026	tt0401937	\N	\N
tt4759028	tt0401937	\N	\N
tt4759030	tt0401937	\N	\N
tt4759034	tt0401937	\N	\N
tt4759038	tt0401937	\N	\N
tt4759040	tt0401937	\N	\N
tt4759042	tt0401937	\N	\N
tt4759044	tt0401937	\N	\N
tt4759046	tt0401937	\N	\N
tt4759048	tt0401937	\N	\N
tt4759052	tt0401937	\N	\N
tt4759054	tt0401937	\N	\N
tt4759056	tt0401937	\N	\N
tt4759058	tt0401937	\N	\N
tt4759060	tt0401937	\N	\N
tt4759062	tt0401937	\N	\N
tt4759064	tt0401937	\N	\N
tt4759066	tt0401937	\N	\N
tt4759068	tt0401937	\N	\N
tt4759070	tt0401937	\N	\N
tt4759076	tt0401937	\N	\N
tt4759080	tt0401937	\N	\N
tt4759082	tt0401937	\N	\N
tt4759084	tt0401937	\N	\N
tt4759086	tt0401937	\N	\N
tt4759088	tt0401937	\N	\N
tt4759092	tt0401937	\N	\N
tt4759094	tt0401937	\N	\N
tt4759096	tt0401937	\N	\N
tt4759098	tt0401937	\N	\N
tt4759100	tt0401937	\N	\N
tt4759102	tt0401937	\N	\N
tt4759104	tt0401937	\N	\N
tt4759106	tt0401937	\N	\N
tt4759108	tt0401937	\N	\N
tt4759110	tt0401937	\N	\N
tt4759112	tt0401937	\N	\N
tt4759114	tt0401937	\N	\N
tt4759116	tt0401937	\N	\N
tt4759118	tt0401937	\N	\N
tt4759120	tt0401937	\N	\N
tt4759122	tt0401937	\N	\N
tt4759124	tt0401937	\N	\N
tt4759126	tt0401937	\N	\N
tt4759128	tt0401937	\N	\N
tt4759130	tt0401937	\N	\N
tt4759134	tt0401937	\N	\N
tt4759136	tt0401937	\N	\N
tt4759138	tt0401937	\N	\N
tt4759142	tt0401937	\N	\N
tt4759144	tt0401937	\N	\N
tt4759146	tt0401937	\N	\N
tt4759148	tt0401937	\N	\N
tt4759150	tt0401937	\N	\N
tt4759152	tt0401937	\N	\N
tt4759156	tt0401937	\N	\N
tt4759158	tt0401937	\N	\N
tt4780874	tt0845676	1	2
tt4780880	tt0845676	1	3
tt4780882	tt0845676	1	4
tt4792318	tt7076436	2	8
tt4792426	tt4635236	1	4
tt4792438	tt4635236	1	3
tt4796348	tt4548688	1	10
tt4822124	tt4192748	2	1
tt4822458	tt4192748	2	3
tt4823668	tt4817546	1	1
tt4843460	tt0870039	1	25
tt4852336	tt0870039	1	18
tt4860878	tt0870039	1	12
tt4862978	tt0870039	1	14
tt4862998	tt0870039	1	16
tt4863010	tt0870039	1	19
tt4863024	tt0870039	1	22
tt4863032	tt0870039	1	23
tt4863038	tt0870039	1	24
tt4863046	tt0870039	1	26
tt4864942	tt4858578	1	1
tt4864944	tt4858578	1	2
tt4893302	tt4705684	1	1
tt4911392	tt4858578	1	3
tt4944252	tt4702408	1	6
tt4944266	tt4702408	1	7
tt4978948	tt4858578	1	5
tt5085186	tt4192748	2	8
tt5085220	tt4192748	2	9
tt5085262	tt4192748	2	6
tt5085300	tt4192748	2	10
tt5146454	tt0212649	1	1
tt5153584	tt4689598	1	1
tt5154452	tt5144154	1	1
tt5202548	tt5144154	1	5
tt5230762	tt4192748	2	11
tt5230810	tt3554426	2	1
tt5230822	tt3554426	2	2
tt5230826	tt3554426	2	3
tt5230880	tt3554426	2	4
tt5239016	tt4389380	1	11
tt5246294	tt4389380	1	12
tt5247908	tt5109344	1	9
tt5249726	tt7076436	2	10
tt5254326	tt5144154	1	10
tt5261174	tt4014320	1	17
tt5261186	tt4014320	1	18
tt5261200	tt4014320	1	30
tt5261214	tt4014320	1	27
tt5261220	tt4014320	1	34
tt5261224	tt4014320	1	33
tt5261226	tt4014320	1	38
tt5261230	tt4014320	1	32
tt5261234	tt4014320	1	40
tt5261236	tt4014320	1	39
tt5261240	tt4014320	1	36
tt5261272	tt4014320	1	43
tt5261276	tt4014320	1	48
tt5261278	tt4014320	1	44
tt5261280	tt4014320	1	41
tt5261284	tt4014320	1	47
tt5261304	tt4014320	1	53
tt5261308	tt4014320	1	54
tt5261310	tt4014320	1	57
tt5261312	tt4014320	1	52
tt5261314	tt4014320	1	55
tt5261318	tt4014320	1	60
tt5261320	tt4014320	1	58
tt5261322	tt4014320	1	59
tt5261856	tt4014320	1	68
tt5261858	tt4014320	1	61
tt5261860	tt4014320	1	67
tt5261862	tt4014320	1	66
tt5261874	tt4014320	1	63
tt5261876	tt4014320	1	65
tt5261892	tt4014320	1	75
tt5261898	tt4014320	1	71
tt5261948	tt4014320	1	96
tt5261956	tt4014320	1	99
tt5261960	tt4014320	1	100
tt5263548	tt4014320	1	102
tt5263552	tt4014320	1	108
tt5263554	tt4014320	1	110
tt5263556	tt4014320	1	107
tt5263560	tt4014320	1	104
tt5263562	tt4014320	1	109
tt5263566	tt4014320	1	103
tt5263578	tt4014320	1	120
tt5263588	tt4014320	1	111
tt5263590	tt4014320	1	113
tt5263594	tt4014320	1	119
tt5263596	tt4014320	1	112
tt5263598	tt4014320	1	116
tt5263600	tt4014320	1	117
tt5263610	tt4014320	1	123
tt5263612	tt4014320	1	124
tt5263622	tt4014320	1	127
tt5263624	tt4014320	1	121
tt5263626	tt4014320	1	122
tt5263628	tt4014320	1	125
tt5263654	tt4014320	1	138
tt5263666	tt4014320	1	140
tt5263674	tt4014320	1	141
tt5263676	tt4014320	1	143
tt5263680	tt4014320	1	142
tt5263686	tt4014320	1	145
tt5263690	tt4014320	1	148
tt5263696	tt4014320	1	146
tt5263698	tt4014320	1	150
tt5264098	tt4014320	1	152
tt5264106	tt4014320	1	153
tt5264112	tt4014320	1	160
tt5264134	tt4014320	1	162
tt5264136	tt4014320	1	165
tt5264144	tt4014320	1	166
tt5264154	tt4014320	1	171
tt5264160	tt4014320	1	172
tt5264166	tt4014320	1	179
tt5264168	tt4014320	1	178
tt5264170	tt4014320	1	180
tt5264172	tt4014320	1	174
tt5264182	tt4014320	1	184
tt5264186	tt4014320	1	185
tt5264194	tt4014320	1	186
tt5264222	tt4014320	1	196
tt5264230	tt4014320	1	194
tt5264236	tt4014320	1	195
tt5264238	tt4014320	1	199
tt5264280	tt4014320	1	204
tt5271552	tt5266398	1	8
tt5271602	tt5266398	1	11
tt5271618	tt5266398	1	24
tt5271646	tt5266398	1	36
tt5271666	tt5266398	1	46
tt5285044	tt4489232	4	13
tt5288332	tt5270892	\N	\N
tt5288706	tt5270892	\N	\N
tt5322620	tt4965176	1	9
tt5322636	tt4965176	1	10
tt5352108	tt5270892	\N	\N
tt5352482	tt5270892	\N	\N
tt5358408	tt5270892	\N	\N
tt5358466	tt5270892	\N	\N
tt5368764	tt5341116	1	12
tt5369122	tt5270892	\N	\N
tt5432350	tt5270892	\N	\N
tt5449664	tt5270892	\N	\N
tt5490822	tt4489232	4	14
tt5501022	tt5270892	\N	\N
tt5526590	tt3554426	2	5
tt5526624	tt3554426	2	6
tt5534126	tt4635236	2	1
tt5534170	tt4635236	2	2
tt5569044	tt5482352	\N	\N
tt5586528	tt5270892	\N	\N
tt5586684	tt0165001	38	28
tt5614234	tt4489232	4	15
tt5616780	tt4489232	5	9
tt5616828	tt4489232	5	10
tt5745522	tt4901120	1	10
tt5771718	tt4635236	2	3
tt5803012	tt3554426	3	1
tt5803014	tt3554426	3	2
tt5803040	tt3554426	3	3
tt5803052	tt3554426	3	4
tt5803084	tt3554426	3	5
tt5818630	tt4635236	2	4
tt5856622	tt5144154	3	10
tt5918936	tt2049323	5	10
tt5966764	tt4014320	2	66
tt5981516	tt5266398	1	85
tt6030536	tt6024082	1	4
tt6030540	tt6024082	1	5
tt6121616	tt0192897	\N	\N
tt6141944	tt6137742	1	2
tt6157820	tt0158435	\N	\N
tt6180956	tt5282372	1	2
tt6203462	tt6019444	\N	\N
tt6207110	tt6204258	1	1
tt6227262	tt6019444	\N	\N
tt6254640	tt3554426	3	6
tt6254670	tt3554426	3	7
tt6263786	tt6232304	1	1
tt6263808	tt6232304	1	2
tt6263874	tt6232304	1	6
tt6264238	tt6019444	\N	\N
tt6285468	tt6019444	\N	\N
tt6286086	tt5697728	1	196
tt6288640	tt5697728	1	197
tt6292024	tt5697728	1	198
tt6297836	tt5697728	1	199
tt6298290	tt6232304	1	7
tt6298300	tt6232304	1	3
tt6298312	tt6232304	1	8
tt6298318	tt6232304	1	9
tt6298340	tt6232304	1	11
tt6304200	tt6232304	1	12
tt6304256	tt6232304	1	19
tt6304294	tt6232304	1	22
tt6304330	tt6232304	1	23
tt6304346	tt6232304	1	24
tt6304348	tt6232304	1	25
tt6304360	tt6232304	1	26
tt6304378	tt6232304	1	27
tt6304388	tt6232304	1	28
tt6304672	tt5697728	1	200
tt6311898	tt5697728	1	201
tt6315210	tt5697728	1	202
tt6320356	tt4489232	5	11
tt6320360	tt4489232	5	12
tt6320386	tt4489232	5	13
tt6328870	tt6315652	2	2
tt6328882	tt6315652	2	3
tt6328902	tt6315652	2	4
tt6328936	tt6315652	2	5
tt6328968	tt6315652	2	7
tt6328982	tt6315652	2	6
tt6328994	tt6315652	2	8
tt6329010	tt6315652	2	9
tt6338680	tt6315652	2	11
tt6338688	tt6315652	2	12
tt6338690	tt6315652	2	10
tt6338694	tt6315652	2	13
tt6338704	tt6315652	2	14
tt6358292	tt6315652	2	15
tt6358296	tt6315652	2	16
tt6358298	tt6315652	2	17
tt6358316	tt6315652	2	19
tt6358318	tt6315652	2	18
tt6358324	tt6315652	2	21
tt6358330	tt6315652	2	20
tt6363710	tt6232304	1	29
tt6363718	tt6315652	2	22
tt6363722	tt6232304	1	30
tt6384748	tt4705684	1	3
tt6402870	tt4489232	5	8
tt6433294	tt5270892	\N	\N
tt6456800	tt5270892	\N	\N
tt6485758	tt5697728	1	240
tt6508102	tt0338653	\N	\N
tt6531694	tt6056560	1	92
tt6532084	tt6463104	1	8
tt6534024	tt6396252	1	6
tt6546760	tt6396252	1	7
tt6547740	tt6232304	1	31
tt6547744	tt6232304	1	32
tt6553936	tt6232304	1	33
tt6554088	tt4489232	5	14
tt6554138	tt4489232	5	15
tt6554164	tt4489232	5	16
tt6554180	tt4489232	5	17
tt6554202	tt4489232	6	3
tt6563210	tt2711986	8	10
tt6569668	tt6396338	1	3
tt6583388	tt6573786	\N	\N
tt6612624	tt6056560	1	97
tt6747124	tt4489232	5	7
tt6791012	tt6779398	1	1
tt6791016	tt6779398	1	2
tt6791030	tt6779398	1	3
tt6813842	tt2942416	1	2
tt6826260	tt5697728	1	282
tt6826266	tt5697728	1	283
tt6826268	tt5697728	1	284
tt6826272	tt5697728	1	285
tt6826276	tt5697728	1	287
tt6826278	tt5697728	1	288
tt6826280	tt5697728	1	289
tt6826286	tt5697728	1	291
tt6826290	tt5697728	1	292
tt6826296	tt5697728	1	294
tt6826316	tt5697728	1	295
tt6826358	tt5697728	1	297
tt6826360	tt5697728	1	298
tt6826362	tt5697728	1	299
tt6826364	tt5697728	1	300
tt6826374	tt5697728	1	302
tt6854866	tt0192897	46	7
tt6860926	tt5697728	1	305
tt6860950	tt5697728	1	306
tt6860962	tt5697728	1	308
tt6907016	tt5697728	1	310
tt6907026	tt5697728	1	311
tt6907044	tt5697728	1	314
tt6907048	tt5697728	1	315
tt6907052	tt5697728	1	316
tt6907058	tt5697728	1	317
tt6907062	tt5697728	1	319
tt6926402	tt5145166	4	6
tt6980630	tt5697728	1	320
tt6980632	tt5697728	1	321
tt7001574	tt5697728	1	331
tt7001590	tt5697728	1	333
tt7014094	tt6337920	\N	\N
tt7025632	tt5697728	1	335
tt7025640	tt5697728	1	336
tt7025646	tt5697728	1	337
tt7025664	tt5697728	1	338
tt7042570	tt7017872	4	6
tt7045056	tt7017872	4	26
tt7045064	tt7017872	4	27
tt7061878	tt6607810	1	79
tt7067214	tt5697728	1	340
tt7079508	tt6607810	1	80
tt7081352	tt5697728	1	341
tt7128674	tt7117684	1	1
tt7143196	tt5697728	1	350
tt7143198	tt5697728	1	351
tt7143208	tt5697728	1	353
tt7158494	tt7117684	\N	\N
tt7193354	tt5697728	1	361
tt7193360	tt5697728	1	362
tt7193364	tt5697728	1	363
tt7193366	tt5697728	1	364
tt7281536	tt7182824	1	4
tt7298742	tt5697728	1	387
tt7298744	tt5697728	1	388
tt7314940	tt7297872	1	5
tt7332732	tt7017872	4	52
tt7332786	tt7017872	4	53
tt7397160	tt7017872	4	83
tt7406570	tt1525927	5	5
tt7473440	tt7252786	1	3
tt7534660	tt1366792	18	9
tt7568646	tt7076436	3	2
tt7568658	tt7076436	3	4
tt7601244	tt7566004	1	1
tt7612204	tt7566004	1	2
tt7638394	tt4267324	7	3
tt7660638	tt1850596	13	22
tt7690806	tt5697728	2	1
tt7691170	tt5697728	2	26
tt7698622	tt7658488	5	6
tt7704200	tt7118596	1	16
tt7704222	tt7118596	1	18
tt7704232	tt7118596	1	20
tt7704624	tt7566004	1	3
tt7704646	tt7566004	1	4
tt7705650	tt3565486	2	34
tt7736542	tt6538446	2	5
tt7761446	tt7467448	1	4
tt7761448	tt7467448	1	5
tt7761450	tt7467448	1	6
tt7795700	tt7120514	1	1
tt7845950	tt4247904	1	44
tt7897060	tt7889590	1	1
tt8040896	tt0083504	7	109
tt8080628	tt6100948	1	5
tt8116300	tt7118596	1	2
tt8116302	tt7118596	1	3
tt8116312	tt7118596	1	5
tt8116316	tt7118596	1	6
tt8116320	tt7118596	1	7
tt8116322	tt7118596	1	8
tt8116324	tt7118596	1	9
tt8116326	tt7118596	1	10
tt8116332	tt7118596	1	12
tt8116334	tt7118596	1	13
tt8116338	tt7118596	1	14
tt8116346	tt7118596	1	19
tt8116354	tt7118596	1	21
tt8116356	tt7118596	1	22
tt8116360	tt7118596	1	23
tt8116362	tt7118596	1	24
tt8116364	tt7118596	1	25
tt8116366	tt7118596	1	26
tt8116370	tt7118596	1	27
tt8116374	tt7118596	1	28
tt8116376	tt7118596	1	29
tt8116378	tt7118596	1	30
tt8116382	tt7118596	1	31
tt8116386	tt7118596	1	32
tt8116388	tt7118596	1	33
tt8116390	tt7118596	1	34
tt8116392	tt7118596	1	35
tt8116396	tt7118596	1	36
tt8116400	tt7118596	1	37
tt8116402	tt7118596	1	38
tt8116404	tt7118596	1	39
tt8116406	tt7118596	1	40
tt8116412	tt7118596	1	41
tt8116414	tt7118596	1	42
tt8116416	tt7118596	1	43
tt8195594	tt8129552	2	3
tt8260208	tt8223802	1	1
tt8735474	tt8585236	2	30
tt9293924	tt7566004	1	5
tt9395122	tt7566004	1	6
tt9580116	tt7566004	1	7
