tconst	averageRating	numVotes
tt0050536	10.0	13.0
tt0056535	10.0	13.0
tt0061857	10.0	10.0
tt0103649	10.0	5.0
tt0111263	10.0	7.0
tt0116083	10.0	44.0
tt0127236	10.0	22.0
tt0132596	10.0	12.0
tt0140082	10.0	19.0
tt0160316	10.0	14.0
tt0162108	10.0	440.0
tt0176240	10.0	6.0
tt0183268	10.0	11.0
tt0193147	10.0	6.0
tt0223767	10.0	16.0
tt0236477	10.0	12.0
tt0237125	10.0	19.0
tt0237322	10.0	6.0
tt0258117	10.0	12.0
tt0270900	10.0	20.0
tt0270927	10.0	11.0
tt0281732	10.0	11.0
tt0295190	10.0	12.0
tt0299823	10.0	7.0
tt0300220	10.0	10.0
tt0300386	10.0	10.0
tt0301052	10.0	14.0
tt0301720	10.0	11.0
tt0302703	10.0	7.0
tt0303254	10.0	5.0
tt0307017	10.0	197.0
tt0317724	10.0	191.0
tt0323382	10.0	9.0
tt0323536	10.0	10.0
tt0324200	10.0	12.0
tt0333372	10.0	14.0
tt0334523	10.0	7.0
tt0335505	10.0	14.0
tt0336419	10.0	30.0
tt0339000	10.0	20.0
tt0339012	10.0	29.0
tt0339205	10.0	241.0
tt0339206	10.0	195.0
tt0343717	10.0	15.0
tt0343731	10.0	11.0
tt0344533	10.0	18.0
tt0347251	10.0	203.0
tt0349864	10.0	36.0
tt0350137	10.0	11.0
tt0352593	10.0	12.0
tt0352769	10.0	10.0
tt0353557	10.0	205.0
tt0353560	10.0	192.0
tt0353980	10.0	21.0
tt0355468	10.0	19.0
tt0358172	10.0	6.0
tt0359480	10.0	194.0
tt0363937	10.0	10.0
tt0380449	10.0	189.0
tt0382756	10.0	186.0
tt0389037	10.0	187.0
tt0393944	10.0	10.0
tt0394775	10.0	7.0
tt0395322	10.0	190.0
tt0395323	10.0	214.0
tt0395324	10.0	199.0
tt0399199	10.0	189.0
tt0400253	10.0	5.0
tt0402719	10.0	6.0
tt0404132	10.0	5.0
tt0411127	10.0	19.0
tt0416038	10.0	13.0
tt0421403	10.0	440.0
tt0432852	10.0	11.0
tt0438225	10.0	18.0
tt0440437	10.0	10.0
tt0443821	10.0	14.0
tt0445408	10.0	9.0
tt0448376	10.0	17.0
tt0448633	10.0	21.0
tt0456694	10.0	18.0
tt0457537	10.0	13.0
tt0458038	10.0	10.0
tt0461009	10.0	13.0
tt0467940	10.0	19.0
tt0473665	10.0	20.0
tt0473904	10.0	10.0
tt0477426	10.0	9.0
tt0479077	10.0	188.0
tt0483153	10.0	197.0
tt0483446	10.0	5.0
tt0487407	10.0	11.0
tt0488055	10.0	6.0
tt0488751	10.0	8.0
tt0498570	10.0	8.0
tt0499530	10.0	11.0
tt0502271	10.0	5.0
tt0502279	10.0	5.0
tt0533995	10.0	13.0
tt0534227	10.0	6.0
tt0541964	10.0	8.0
tt0541965	10.0	6.0
tt0541966	10.0	6.0
tt0541967	10.0	6.0
tt0541969	10.0	6.0
tt0541970	10.0	56.0
tt0541971	10.0	8.0
tt0541972	10.0	8.0
tt0541973	10.0	8.0
tt0541974	10.0	6.0
tt0541975	10.0	6.0
tt0541976	10.0	16.0
tt0551448	10.0	8.0
tt0554957	10.0	27.0
tt0554962	10.0	28.0
tt0561062	10.0	9.0
tt0561426	10.0	23.0
tt0561435	10.0	23.0
tt0563207	10.0	33.0
tt0563772	10.0	28.0
tt0579910	10.0	11.0
tt0592461	10.0	5.0
tt0593852	10.0	5.0
tt0602877	10.0	25.0
tt0602878	10.0	15.0
tt0602879	10.0	12.0
tt0602880	10.0	12.0
tt0602881	10.0	14.0
tt0602882	10.0	58.0
tt0602883	10.0	22.0
tt0602884	10.0	12.0
tt0602885	10.0	10.0
tt0602886	10.0	9.0
tt0602887	10.0	9.0
tt0602888	10.0	11.0
tt0602889	10.0	56.0
tt0611912	10.0	9.0
tt0613104	10.0	5.0
tt0614280	10.0	6.0
tt0615524	10.0	13.0
tt0617349	10.0	9.0
tt0643318	10.0	25.0
tt0644659	10.0	7.0
tt0647972	10.0	27.0
tt0651146	10.0	6.0
tt0659278	10.0	8.0
tt0665641	10.0	20.0
tt0696473	10.0	12.0
tt0696474	10.0	12.0
tt0696476	10.0	12.0
tt0696477	10.0	12.0
tt0696478	10.0	11.0
tt0696480	10.0	13.0
tt0696481	10.0	14.0
tt0696482	10.0	12.0
tt0696483	10.0	12.0
tt0696484	10.0	12.0
tt0696485	10.0	10.0
tt0696486	10.0	10.0
tt0696487	10.0	11.0
tt0696488	10.0	10.0
tt0696489	10.0	10.0
tt0696490	10.0	12.0
tt0696491	10.0	10.0
tt0696492	10.0	10.0
tt0696493	10.0	10.0
tt0696495	10.0	11.0
tt0696496	10.0	12.0
tt0696498	10.0	12.0
tt0696499	10.0	11.0
tt0696500	10.0	11.0
tt0696501	10.0	13.0
tt0696502	10.0	14.0
tt0696503	10.0	15.0
tt0696509	10.0	14.0
tt0696510	10.0	13.0
tt0696511	10.0	13.0
tt0696512	10.0	14.0
tt0696513	10.0	13.0
tt0696515	10.0	14.0
tt0696516	10.0	14.0
tt0696517	10.0	14.0
tt0696518	10.0	14.0
tt0696519	10.0	14.0
tt0696520	10.0	14.0
tt0696521	10.0	13.0
tt0696522	10.0	14.0
tt0696523	10.0	14.0
tt0696524	10.0	14.0
tt0696525	10.0	14.0
tt0696526	10.0	14.0
tt0696527	10.0	14.0
tt0696528	10.0	14.0
tt0696529	10.0	14.0
tt0696530	10.0	14.0
tt0696532	10.0	13.0
tt0696533	10.0	14.0
tt0696534	10.0	15.0
tt0696535	10.0	17.0
tt0696536	10.0	14.0
tt0696537	10.0	14.0
tt0710586	10.0	27.0
tt0726124	10.0	6.0
tt0737293	10.0	13.0
tt0737295	10.0	16.0
tt0739509	10.0	5.0
tt0739721	10.0	5.0
tt0744774	10.0	29.0
tt0747407	10.0	6.0
tt0757586	10.0	9.0
tt0758594	10.0	13.0
tt0759145	10.0	13.0
tt0760897	10.0	29.0
tt0763624	10.0	10.0
tt0764489	10.0	8.0
tt0764548	10.0	5.0
tt0764554	10.0	5.0
tt0764555	10.0	5.0
tt0764558	10.0	5.0
tt0767403	10.0	11.0
tt0778440	10.0	12.0
tt0780119	10.0	11.0
tt0792332	10.0	7.0
tt0797983	10.0	10.0
tt0797994	10.0	15.0
tt0798839	10.0	10.0
tt0808901	10.0	6.0
tt0812403	10.0	10.0
tt0816440	10.0	7.0
tt0818840	10.0	10.0
tt0819260	10.0	12.0
tt0819261	10.0	11.0
tt0823572	10.0	12.0
tt0824342	10.0	26.0
tt0831862	10.0	10.0
tt0838808	10.0	20.0
tt0839691	10.0	22.0
tt0843332	10.0	16.0
tt0844277	10.0	6.0
tt0853008	10.0	6.0
tt0854209	10.0	6.0
tt0857787	10.0	39.0
tt0865883	10.0	7.0
tt0866639	10.0	429.0
tt0868009	10.0	9.0
tt0872240	10.0	18.0
tt0879218	10.0	16.0
tt0886543	10.0	6.0
tt0899704	10.0	5.0
tt0930809	10.0	9.0
tt0934481	10.0	5.0
tt0944425	10.0	5.0
tt0946331	10.0	18.0
tt0946336	10.0	18.0
tt0946339	10.0	18.0
tt0947078	10.0	5.0
tt0949527	10.0	10.0
tt0953484	10.0	10.0
tt0956809	10.0	8.0
tt0956812	10.0	7.0
tt0958838	10.0	15.0
tt0959814	10.0	12.0
tt0959820	10.0	11.0
tt0968663	10.0	14.0
tt0974993	10.0	9.0
tt0975658	10.0	5.0
tt0975753	10.0	8.0
tt0984679	10.0	6.0
tt0994859	10.0	7.0
tt0996360	10.0	9.0
tt0999248	10.0	6.0
tt0999249	10.0	6.0
tt0999250	10.0	6.0
tt0999251	10.0	6.0
tt0999252	10.0	6.0
tt0999253	10.0	6.0
tt0999254	10.0	5.0
tt0999255	10.0	6.0
tt0999256	10.0	8.0
tt1000219	10.0	6.0
tt10007578	10.0	5.0
tt10014586	10.0	21.0
tt10014594	10.0	20.0
tt10016470	10.0	16.0
tt10016510	10.0	16.0
tt10048018	10.0	5.0
tt10050326	10.0	46.0
tt10073254	10.0	5.0
tt1007457	10.0	23.0
tt1007848	10.0	97.0
tt10085160	10.0	8.0
tt10090288	10.0	11.0
tt10105078	10.0	13.0
tt10125682	10.0	11.0
tt10135684	10.0	10.0
tt10136724	10.0	6.0
tt10151530	10.0	14.0
tt10155422	10.0	5.0
tt10157066	10.0	6.0
tt10163226	10.0	5.0
tt1016461	10.0	8.0
tt10166974	10.0	11.0
tt10166992	10.0	11.0
tt10166996	10.0	11.0
tt10177462	10.0	7.0
tt1017767	10.0	16.0
tt10179292	10.0	7.0
tt10179308	10.0	6.0
tt10196520	10.0	8.0
tt10197196	10.0	5.0
tt10197828	10.0	15.0
tt10197842	10.0	15.0
tt10197874	10.0	15.0
tt10217722	10.0	29.0
tt10261256	10.0	6.0
tt10262456	10.0	8.0
tt10262458	10.0	8.0
tt10268732	10.0	8.0
tt10270878	10.0	6.0
tt10283210	10.0	11.0
tt10283244	10.0	11.0
tt10283282	10.0	10.0
tt10288054	10.0	8.0
tt10294700	10.0	14.0
tt10314102	10.0	6.0
tt1031555	10.0	30.0
tt1031556	10.0	30.0
tt10318730	10.0	6.0
tt10319742	10.0	8.0
tt10319834	10.0	7.0
tt10327212	10.0	5.0
tt10327684	10.0	6.0
tt10327690	10.0	6.0
tt10327694	10.0	8.0
tt10327700	10.0	6.0
tt10332270	10.0	27.0
tt10338506	10.0	6.0
tt10343936	10.0	5.0
tt10353824	10.0	6.0
tt10363848	10.0	6.0
tt10363908	10.0	7.0
tt10373340	10.0	7.0
tt10385452	10.0	11.0
tt10389952	10.0	24.0
tt10393072	10.0	16.0
tt10398066	10.0	9.0
tt10398098	10.0	9.0
tt10398276	10.0	9.0
tt10399422	10.0	7.0
tt10403290	10.0	5.0
tt10427922	10.0	12.0
tt10437294	10.0	8.0
tt10441670	10.0	11.0
tt10471404	10.0	403.0
tt10476740	10.0	8.0
tt10489690	10.0	8.0
tt10498134	10.0	5.0
tt10503760	10.0	5.0
tt1050876	10.0	5.0
tt1051859	10.0	7.0
tt10529716	10.0	11.0
tt10529764	10.0	11.0
tt10530050	10.0	12.0
tt10530400	10.0	10.0
tt10533560	10.0	5.0
tt10540580	10.0	6.0
tt10544406	10.0	6.0
tt10552440	10.0	7.0
tt10560642	10.0	19.0
tt10560648	10.0	17.0
tt10560652	10.0	18.0
tt10560656	10.0	16.0
tt10560672	10.0	17.0
tt10560680	10.0	19.0
tt10567328	10.0	7.0
tt10578104	10.0	5.0
tt10580684	10.0	11.0
tt10582078	10.0	11.0
tt10587576	10.0	6.0
tt10588438	10.0	5.0
tt10602986	10.0	10.0
tt10606124	10.0	9.0
tt10611100	10.0	10.0
tt10613814	10.0	5.0
tt10619652	10.0	5.0
tt10622418	10.0	9.0
tt10623842	10.0	11.0
tt10626650	10.0	5.0
tt10627542	10.0	9.0
tt10647990	10.0	6.0
tt10663998	10.0	23.0
tt1068828	10.0	14.0
tt10697272	10.0	7.0
tt1070850	10.0	14.0
tt10718082	10.0	8.0
tt10726672	10.0	9.0
tt10731432	10.0	7.0
tt10735380	10.0	5.0
tt10756292	10.0	5.0
tt10757110	10.0	9.0
tt10757300	10.0	5.0
tt10768542	10.0	5.0
tt10772264	10.0	10.0
tt10773030	10.0	61.0
tt10776624	10.0	5.0
tt10778608	10.0	5.0
tt10792500	10.0	6.0
tt10792594	10.0	6.0
tt10793818	10.0	6.0
tt10793856	10.0	6.0
tt10793912	10.0	6.0
tt10793980	10.0	6.0
tt10794006	10.0	6.0
tt10794024	10.0	6.0
tt10794056	10.0	6.0
tt10794086	10.0	6.0
tt10794100	10.0	6.0
tt10794140	10.0	6.0
tt10794166	10.0	6.0
tt10794204	10.0	6.0
tt10794248	10.0	6.0
tt10794302	10.0	6.0
tt10794332	10.0	6.0
tt10794346	10.0	6.0
tt10794360	10.0	6.0
tt10794402	10.0	6.0
tt10794420	10.0	6.0
tt10794442	10.0	6.0
tt10794458	10.0	6.0
tt10794514	10.0	6.0
tt10794560	10.0	6.0
tt10794588	10.0	6.0
tt10794608	10.0	6.0
tt10794626	10.0	6.0
tt10794644	10.0	6.0
tt10794660	10.0	6.0
tt10794680	10.0	6.0
tt10794720	10.0	6.0
tt10794746	10.0	6.0
tt10794764	10.0	6.0
tt10794778	10.0	6.0
tt10795682	10.0	6.0
tt10796048	10.0	6.0
tt10796054	10.0	6.0
tt10796070	10.0	6.0
tt10796102	10.0	6.0
tt10796144	10.0	6.0
tt10796160	10.0	6.0
tt10796168	10.0	6.0
tt10796198	10.0	6.0
tt10796208	10.0	6.0
tt10796216	10.0	6.0
tt10796222	10.0	6.0
tt10796230	10.0	6.0
tt10796244	10.0	6.0
tt10796248	10.0	6.0
tt10796270	10.0	6.0
tt10796292	10.0	6.0
tt10796298	10.0	6.0
tt10796302	10.0	6.0
tt10796312	10.0	6.0
tt10796340	10.0	6.0
tt10796358	10.0	6.0
tt10796374	10.0	6.0
tt10796692	10.0	6.0
tt10797238	10.0	6.0
tt10797290	10.0	6.0
tt10797406	10.0	6.0
tt10797530	10.0	6.0
tt10797758	10.0	6.0
tt10798642	10.0	6.0
tt10798658	10.0	6.0
tt10798674	10.0	6.0
tt10801584	10.0	6.0
tt10801598	10.0	6.0
tt10801606	10.0	6.0
tt10801622	10.0	6.0
tt10801644	10.0	6.0
tt10814582	10.0	8.0
tt10821500	10.0	5.0
tt10825380	10.0	6.0
tt10825394	10.0	6.0
tt10825414	10.0	6.0
tt10825426	10.0	6.0
tt10825486	10.0	6.0
tt10825496	10.0	6.0
tt10825542	10.0	6.0
tt10825562	10.0	6.0
tt10825578	10.0	6.0
tt10825586	10.0	6.0
tt10825604	10.0	6.0
tt10825690	10.0	6.0
tt10825720	10.0	6.0
tt10825742	10.0	6.0
tt10825764	10.0	6.0
tt10825778	10.0	6.0
tt10825792	10.0	6.0
tt10825820	10.0	6.0
tt10825834	10.0	6.0
tt10825840	10.0	6.0
tt10825856	10.0	6.0
tt10825864	10.0	6.0
tt10831394	10.0	7.0
tt10836872	10.0	7.0
tt1084409	10.0	5.0
tt1085701	10.0	24.0
tt10858856	10.0	103.0
tt10867894	10.0	273.0
tt10887274	10.0	6.0
tt10893702	10.0	34.0
tt10902966	10.0	8.0
tt10913940	10.0	8.0
tt10921922	10.0	10.0
tt10925892	10.0	5.0
tt10930332	10.0	7.0
tt10933658	10.0	8.0
tt1093680	10.0	14.0
tt10943458	10.0	9.0
tt10943462	10.0	8.0
tt10943554	10.0	10.0
tt10943772	10.0	18.0
tt10947030	10.0	11.0
tt10959080	10.0	8.0
tt10961606	10.0	8.0
tt10968034	10.0	5.0
tt1098276	10.0	5.0
tt1098285	10.0	5.0
tt10991024	10.0	6.0
tt10999066	10.0	9.0
tt10999128	10.0	9.0
tt10999156	10.0	9.0
tt10999196	10.0	9.0
tt10999330	10.0	9.0
tt10999332	10.0	9.0
tt11021708	10.0	6.0
tt11023534	10.0	11.0
tt11028828	10.0	5.0
tt1103179	10.0	6.0
tt11040972	10.0	8.0
tt11058050	10.0	6.0
tt1106675	10.0	5.0
tt1106849	10.0	16.0
tt1106940	10.0	8.0
tt1106941	10.0	9.0
tt1106942	10.0	7.0
tt1106943	10.0	7.0
tt1106944	10.0	9.0
tt1106945	10.0	8.0
tt1106946	10.0	8.0
tt1106947	10.0	6.0
tt1106948	10.0	6.0
tt1106949	10.0	8.0
tt1106951	10.0	8.0
tt1106952	10.0	9.0
tt1106953	10.0	8.0
tt1106954	10.0	7.0
tt11076052	10.0	183.0
tt11079964	10.0	7.0
tt11079978	10.0	7.0
tt11079990	10.0	7.0
tt11079998	10.0	7.0
tt11080004	10.0	7.0
tt11087968	10.0	10.0
tt11096386	10.0	10.0
tt11096584	10.0	8.0
tt11097152	10.0	7.0
tt11111074	10.0	8.0
tt1111651	10.0	16.0
tt11131314	10.0	6.0
tt11138622	10.0	5.0
tt1114670	10.0	5.0
tt11155882	10.0	9.0
tt11155884	10.0	9.0
tt11155886	10.0	9.0
tt11155888	10.0	9.0
tt11155890	10.0	9.0
tt11164600	10.0	94.0
tt1117058	10.0	180.0
tt11170784	10.0	5.0
tt11185112	10.0	8.0
tt1119208	10.0	9.0
tt11199162	10.0	5.0
tt1120195	10.0	182.0
tt11211468	10.0	7.0
tt11211494	10.0	6.0
tt11211514	10.0	6.0
tt11211546	10.0	5.0
tt11211634	10.0	7.0
tt11211650	10.0	6.0
tt11212130	10.0	6.0
tt11213434	10.0	18.0
tt1121528	10.0	16.0
tt1121529	10.0	15.0
tt1121536	10.0	17.0
tt11224184	10.0	11.0
tt11238788	10.0	8.0
tt1123972	10.0	18.0
tt11242644	10.0	9.0
tt11242652	10.0	7.0
tt11242660	10.0	7.0
tt11242666	10.0	6.0
tt11242668	10.0	6.0
tt11242672	10.0	6.0
tt11242674	10.0	9.0
tt11264470	10.0	6.0
tt11264492	10.0	6.0
tt11264588	10.0	6.0
tt11264662	10.0	6.0
tt11264702	10.0	6.0
tt11264792	10.0	6.0
tt11264816	10.0	6.0
tt11264864	10.0	6.0
tt11264898	10.0	6.0
tt11264926	10.0	6.0
tt11265088	10.0	6.0
tt11265222	10.0	6.0
tt11265270	10.0	6.0
tt11284360	10.0	5.0
tt11291248	10.0	76.0
tt11291250	10.0	76.0
tt11291252	10.0	76.0
tt11291258	10.0	76.0
tt11291260	10.0	76.0
tt11291264	10.0	76.0
tt11291272	10.0	76.0
tt1129461	10.0	53.0
tt11300762	10.0	26.0
tt1131158	10.0	13.0
tt11317488	10.0	6.0
tt11317502	10.0	6.0
tt11317504	10.0	6.0
tt11317506	10.0	6.0
tt11322940	10.0	8.0
tt11323010	10.0	8.0
tt11323398	10.0	6.0
tt11325238	10.0	5.0
tt11327894	10.0	8.0
tt1132924	10.0	182.0
tt11341770	10.0	5.0
tt11347948	10.0	11.0
tt11352710	10.0	8.0
tt1136256	10.0	181.0
tt1136346	10.0	10.0
tt1136348	10.0	10.0
tt11372222	10.0	22.0
tt11378518	10.0	8.0
tt11378522	10.0	8.0
tt11378526	10.0	8.0
tt11378528	10.0	6.0
tt11378532	10.0	6.0
tt11378534	10.0	8.0
tt11378538	10.0	7.0
tt11385940	10.0	20.0
tt1139781	10.0	7.0
tt11433558	10.0	6.0
tt11440092	10.0	8.0
tt11444562	10.0	8.0
tt11444584	10.0	8.0
tt11464370	10.0	10.0
tt11474062	10.0	7.0
tt11493078	10.0	8.0
tt11496156	10.0	10.0
tt11530232	10.0	30.0
tt11539824	10.0	11.0
tt1154079	10.0	6.0
tt1155178	10.0	8.0
tt11569304	10.0	11.0
tt11574630	10.0	10.0
tt11580202	10.0	9.0
tt1160740	10.0	7.0
tt11621416	10.0	9.0
tt11650954	10.0	10.0
tt11664468	10.0	5.0
tt11667036	10.0	10.0
tt11669372	10.0	11.0
tt11669380	10.0	11.0
tt11669434	10.0	11.0
tt11673570	10.0	11.0
tt11690864	10.0	8.0
tt11690874	10.0	8.0
tt11690882	10.0	8.0
tt11690884	10.0	9.0
tt11691658	10.0	8.0
tt11713370	10.0	6.0
tt11725448	10.0	5.0
tt11726824	10.0	8.0
tt11728482	10.0	10.0
tt11729018	10.0	18.0
tt11736920	10.0	6.0
tt11747970	10.0	7.0
tt11749354	10.0	6.0
tt11750004	10.0	6.0
tt11779744	10.0	714.0
tt11781006	10.0	7.0
tt11801760	10.0	6.0
tt11854662	10.0	15.0
tt1185794	10.0	15.0
tt1185824	10.0	14.0
tt11861814	10.0	5.0
tt11903182	10.0	7.0
tt11926728	10.0	201.0
tt11933312	10.0	6.0
tt11934844	10.0	5.0
tt11940818	10.0	11.0
tt11985426	10.0	5.0
tt12003328	10.0	10.0
tt12009844	10.0	7.0
tt12017142	10.0	5.0
tt12017144	10.0	6.0
tt12031402	10.0	5.0
tt12053790	10.0	8.0
tt12053794	10.0	8.0
tt12056430	10.0	5.0
tt12056614	10.0	5.0
tt12056620	10.0	5.0
tt12056776	10.0	5.0
tt12060452	10.0	10.0
tt1206951	10.0	5.0
tt1208052	10.0	66.0
tt12093474	10.0	9.0
tt12094082	10.0	6.0
tt12094306	10.0	5.0
tt12133724	10.0	8.0
tt12133734	10.0	8.0
tt12133738	10.0	8.0
tt12133740	10.0	8.0
tt12133742	10.0	8.0
tt12133808	10.0	8.0
tt12145708	10.0	5.0
tt12150412	10.0	6.0
tt12150458	10.0	6.0
tt12157846	10.0	6.0
tt12157868	10.0	6.0
tt12158368	10.0	5.0
tt12169084	10.0	6.0
tt12170806	10.0	5.0
tt12178670	10.0	6.0
tt12183030	10.0	6.0
tt12186344	10.0	6.0
tt1219364	10.0	22.0
tt12193830	10.0	5.0
tt12197020	10.0	35.0
tt12197028	10.0	22.0
tt12197030	10.0	8.0
tt12197034	10.0	9.0
tt12197038	10.0	9.0
tt12204326	10.0	10.0
tt12204440	10.0	5.0
tt12204442	10.0	5.0
tt12211514	10.0	5.0
tt12232634	10.0	5.0
tt12248978	10.0	136.0
tt12268272	10.0	8.0
tt12286962	10.0	6.0
tt12305038	10.0	7.0
tt12305046	10.0	7.0
tt12331748	10.0	179.0
tt12344026	10.0	7.0
tt12352654	10.0	6.0
tt12365176	10.0	5.0
tt1236751	10.0	8.0
tt12381004	10.0	8.0
tt12413918	10.0	7.0
tt12414472	10.0	7.0
tt12418328	10.0	5.0
tt1241964	10.0	14.0
tt12429042	10.0	10.0
tt12434914	10.0	7.0
tt12439862	10.0	18.0
tt12445082	10.0	17.0
tt12445538	10.0	7.0
tt12447442	10.0	15.0
tt12447556	10.0	13.0
tt12451900	10.0	8.0
tt12452110	10.0	13.0
tt12452182	10.0	12.0
tt12452978	10.0	8.0
tt12457664	10.0	7.0
tt12463754	10.0	5.0
tt12463768	10.0	7.0
tt12469376	10.0	9.0
tt12476556	10.0	7.0
tt12476574	10.0	7.0
tt1249530	10.0	11.0
tt12504298	10.0	7.0
tt12505700	10.0	21.0
tt12510712	10.0	10.0
tt1251930	10.0	16.0
tt12532364	10.0	10.0
tt12539164	10.0	372.0
tt12542022	10.0	25.0
tt12552948	10.0	9.0
tt12555306	10.0	6.0
tt1256207	10.0	10.0
tt1256212	10.0	11.0
tt12571394	10.0	6.0
tt12572022	10.0	29.0
tt12589718	10.0	8.0
tt12589720	10.0	8.0
tt12589722	10.0	8.0
tt12593932	10.0	5.0
tt12603848	10.0	5.0
tt1260398	10.0	7.0
tt1262088	10.0	9.0
tt12624410	10.0	24.0
tt12638392	10.0	10.0
tt12638422	10.0	10.0
tt12642912	10.0	9.0
tt12665712	10.0	8.0
tt12665788	10.0	8.0
tt12680312	10.0	9.0
tt12681068	10.0	9.0
tt1269552	10.0	12.0
tt1269656	10.0	20.0
tt1269721	10.0	7.0
tt12700254	10.0	7.0
tt12700260	10.0	7.0
tt12700268	10.0	7.0
tt12700274	10.0	7.0
tt12700294	10.0	9.0
tt12700308	10.0	9.0
tt12700310	10.0	9.0
tt12700314	10.0	10.0
tt12700316	10.0	11.0
tt12700606	10.0	42.0
tt12702530	10.0	8.0
tt12702538	10.0	8.0
tt12702540	10.0	7.0
tt12702554	10.0	8.0
tt12702584	10.0	7.0
tt12702590	10.0	8.0
tt12702890	10.0	8.0
tt12702902	10.0	7.0
tt12703106	10.0	7.0
tt12703356	10.0	7.0
tt12703388	10.0	7.0
tt1270760	10.0	9.0
tt12709058	10.0	7.0
tt12709066	10.0	7.0
tt12709076	10.0	7.0
tt12709082	10.0	9.0
tt12712616	10.0	9.0
tt12712626	10.0	7.0
tt12712644	10.0	7.0
tt12712652	10.0	7.0
tt12712664	10.0	7.0
tt12712712	10.0	7.0
tt12712754	10.0	7.0
tt12715380	10.0	7.0
tt12719288	10.0	8.0
tt12719848	10.0	9.0
tt12735534	10.0	42.0
tt1273669	10.0	7.0
tt1273937	10.0	180.0
tt12739954	10.0	42.0
tt12740126	10.0	42.0
tt12740192	10.0	42.0
tt12748102	10.0	11.0
tt12749394	10.0	5.0
tt12754148	10.0	5.0
tt12774216	10.0	17.0
tt1278000	10.0	6.0
tt1278155	10.0	7.0
tt12786624	10.0	6.0
tt12788458	10.0	9.0
tt1278979	10.0	12.0
tt12799226	10.0	9.0
tt12799238	10.0	7.0
tt12799246	10.0	7.0
tt12799256	10.0	6.0
tt12799264	10.0	6.0
tt12799270	10.0	6.0
tt12799278	10.0	6.0
tt12799286	10.0	6.0
tt12799292	10.0	6.0
tt12799294	10.0	6.0
tt12799324	10.0	6.0
tt12799334	10.0	7.0
tt12799346	10.0	6.0
tt12799374	10.0	6.0
tt12799390	10.0	6.0
tt12799398	10.0	6.0
tt12799406	10.0	6.0
tt12799620	10.0	6.0
tt12809770	10.0	9.0
tt12820194	10.0	5.0
tt12832834	10.0	15.0
tt12856606	10.0	5.0
tt12862890	10.0	8.0
tt12868004	10.0	8.0
tt12868006	10.0	8.0
tt12868010	10.0	8.0
tt12868016	10.0	8.0
tt12868020	10.0	8.0
tt12879648	10.0	9.0
tt1288277	10.0	6.0
tt1289782	10.0	6.0
tt1289838	10.0	6.0
tt1289842	10.0	8.0
tt12908370	10.0	5.0
tt12915844	10.0	8.0
tt1291667	10.0	9.0
tt1292593	10.0	180.0
tt12928590	10.0	8.0
tt12928796	10.0	8.0
tt12928814	10.0	8.0
tt12929572	10.0	6.0
tt1296369	10.0	9.0
tt12966252	10.0	6.0
tt12980094	10.0	186.0
tt12981732	10.0	11.0
tt12986864	10.0	22.0
tt12987694	10.0	5.0
tt13013520	10.0	7.0
tt13015046	10.0	5.0
tt13016544	10.0	5.0
tt13027154	10.0	8.0
tt13027158	10.0	8.0
tt1302969	10.0	180.0
tt1302970	10.0	180.0
tt13034650	10.0	5.0
tt13037402	10.0	5.0
tt13045562	10.0	7.0
tt13055686	10.0	5.0
tt13055748	10.0	5.0
tt13055806	10.0	5.0
tt13055848	10.0	5.0
tt13061788	10.0	7.0
tt1306434	10.0	180.0
tt13065534	10.0	5.0
tt13067400	10.0	5.0
tt13068648	10.0	7.0
tt1307062	10.0	11.0
tt13079402	10.0	8.0
tt1307964	10.0	8.0
tt13080900	10.0	6.0
tt13081036	10.0	8.0
tt13091048	10.0	10.0
tt13091180	10.0	10.0
tt13091748	10.0	7.0
tt13092996	10.0	21.0
tt13100048	10.0	5.0
tt13109924	10.0	6.0
tt13114284	10.0	5.0
tt13119184	10.0	5.0
tt13129430	10.0	8.0
tt1313824	10.0	7.0
tt1313825	10.0	7.0
tt1313826	10.0	46.0
tt1313829	10.0	6.0
tt1313830	10.0	15.0
tt1313832	10.0	12.0
tt1314253	10.0	7.0
tt1314326	10.0	182.0
tt13147068	10.0	9.0
tt13152884	10.0	5.0
tt13163906	10.0	6.0
tt1316609	10.0	5.0
tt1316610	10.0	9.0
tt13171476	10.0	75.0
tt13173458	10.0	7.0
tt13175842	10.0	43.0
tt13181612	10.0	436.0
tt13182752	10.0	5.0
tt13190652	10.0	5.0
tt1319661	10.0	6.0
tt13207590	10.0	7.0
tt1322356	10.0	11.0
tt1322378	10.0	7.0
tt1322379	10.0	5.0
tt13223848	10.0	38.0
tt13230810	10.0	8.0
tt13236338	10.0	5.0
tt13237442	10.0	7.0
tt13241690	10.0	9.0
tt13252254	10.0	7.0
tt13252268	10.0	7.0
tt1325799	10.0	10.0
tt13273720	10.0	13.0
tt13276188	10.0	8.0
tt13280392	10.0	9.0
tt13287666	10.0	8.0
tt13292060	10.0	5.0
tt13297308	10.0	11.0
tt13299874	10.0	49.0
tt13299888	10.0	78.0
tt1332010	10.0	10.0
tt13323478	10.0	5.0
tt1332606	10.0	7.0
tt13329038	10.0	14.0
tt13333188	10.0	7.0
tt1333749	10.0	62.0
tt13343042	10.0	7.0
tt13345872	10.0	20.0
tt1334802	10.0	10.0
tt13352136	10.0	21.0
tt13352176	10.0	21.0
tt13352186	10.0	20.0
tt13352320	10.0	7.0
tt13352790	10.0	7.0
tt13355214	10.0	10.0
tt13374814	10.0	7.0
tt13374946	10.0	7.0
tt1337618	10.0	7.0
tt1337722	10.0	5.0
tt13392748	10.0	7.0
tt13394154	10.0	6.0
tt13400144	10.0	20.0
tt13403284	10.0	9.0
tt1340556	10.0	13.0
tt13406074	10.0	6.0
tt13409488	10.0	5.0
tt13410148	10.0	6.0
tt13411244	10.0	17.0
tt13411254	10.0	7.0
tt13411276	10.0	20.0
tt13411320	10.0	7.0
tt13412576	10.0	5.0
tt13417120	10.0	5.0
tt13423926	10.0	12.0
tt13424416	10.0	5.0
tt13425870	10.0	18.0
tt13427498	10.0	18.0
tt13428324	10.0	5.0
tt13428798	10.0	9.0
tt13428806	10.0	7.0
tt13428810	10.0	9.0
tt13433130	10.0	9.0
tt13435668	10.0	45.0
tt13435702	10.0	9.0
tt13436290	10.0	33.0
tt13439092	10.0	10.0
tt13440294	10.0	981.0
tt1344370	10.0	6.0
tt13444810	10.0	9.0
tt13445574	10.0	5.0
tt13457712	10.0	5.0
tt13458318	10.0	12.0
tt13460978	10.0	7.0
tt13464652	10.0	6.0
tt13465082	10.0	13.0
tt13471592	10.0	5.0
tt13471688	10.0	6.0
tt13471692	10.0	5.0
tt1347283	10.0	5.0
tt13482670	10.0	5.0
tt13488634	10.0	10.0
tt13489806	10.0	16.0
tt13489946	10.0	7.0
tt13490204	10.0	8.0
tt13491404	10.0	6.0
tt13492550	10.0	10.0
tt13497038	10.0	7.0
tt13497040	10.0	7.0
tt13497042	10.0	7.0
tt13497046	10.0	7.0
tt13497048	10.0	7.0
tt1350500	10.0	7.0
tt13544062	10.0	7.0
tt13544070	10.0	7.0
tt13552486	10.0	28.0
tt13555390	10.0	100.0
tt13555412	10.0	91.0
tt13555908	10.0	7.0
tt13556592	10.0	7.0
tt13559990	10.0	5.0
tt13562980	10.0	43.0
tt13563792	10.0	5.0
tt13563832	10.0	9.0
tt13570530	10.0	6.0
tt13572018	10.0	7.0
tt13572026	10.0	7.0
tt13579292	10.0	5.0
tt13580804	10.0	8.0
tt13581482	10.0	16.0
tt1358843	10.0	12.0
tt13603702	10.0	5.0
tt13610386	10.0	9.0
tt13622896	10.0	8.0
tt13624650	10.0	5.0
tt13629498	10.0	7.0
tt13629522	10.0	7.0
tt13629574	10.0	7.0
tt13629602	10.0	7.0
tt13629634	10.0	7.0
tt13634402	10.0	5.0
tt13655302	10.0	7.0
tt13659032	10.0	9.0
tt13679730	10.0	5.0
tt13681768	10.0	10.0
tt13701764	10.0	5.0
tt13727290	10.0	21.0
tt1374378	10.0	25.0
tt1374848	10.0	9.0
tt13748714	10.0	7.0
tt13749138	10.0	7.0
tt13749238	10.0	7.0
tt13749482	10.0	7.0
tt13753630	10.0	11.0
tt1375586	10.0	7.0
tt13756438	10.0	10.0
tt13762198	10.0	5.0
tt13764568	10.0	6.0
tt13765472	10.0	7.0
tt1378085	10.0	49.0
tt13781270	10.0	7.0
tt13781606	10.0	5.0
tt13798846	10.0	12.0
tt1381126	10.0	10.0
tt13815008	10.0	6.0
tt1381658	10.0	220.0
tt1381815	10.0	6.0
tt13819414	10.0	5.0
tt13826764	10.0	10.0
tt13853356	10.0	6.0
tt13854126	10.0	5.0
tt13856944	10.0	7.0
tt13857052	10.0	7.0
tt13857348	10.0	7.0
tt13870250	10.0	8.0
tt1387453	10.0	6.0
tt13874622	10.0	5.0
tt13878204	10.0	6.0
tt13888428	10.0	5.0
tt13889006	10.0	8.0
tt13889906	10.0	7.0
tt13890956	10.0	5.0
tt1391091	10.0	9.0
tt13921652	10.0	7.0
tt13921660	10.0	7.0
tt13931450	10.0	5.0
tt13932090	10.0	6.0
tt13956858	10.0	174.0
tt13956862	10.0	172.0
tt13956868	10.0	172.0
tt13956870	10.0	172.0
tt13956874	10.0	172.0
tt13956880	10.0	172.0
tt1395733	10.0	13.0
tt13963196	10.0	5.0
tt13965276	10.0	6.0
tt13965400	10.0	7.0
tt13971594	10.0	7.0
tt13975742	10.0	6.0
tt13975794	10.0	6.0
tt13976324	10.0	5.0
tt13977256	10.0	6.0
tt13983370	10.0	5.0
tt13990440	10.0	36.0
tt13992574	10.0	5.0
tt13995298	10.0	5.0
tt14014082	10.0	5.0
tt1401632	10.0	5.0
tt14019190	10.0	7.0
tt14036674	10.0	5.0
tt14040920	10.0	6.0
tt14040952	10.0	6.0
tt14043772	10.0	7.0
tt14043932	10.0	6.0
tt14044780	10.0	7.0
tt14044794	10.0	5.0
tt14044814	10.0	5.0
tt14044820	10.0	5.0
tt14044840	10.0	5.0
tt14044844	10.0	5.0
tt14063760	10.0	9.0
tt14066872	10.0	7.0
tt14069140	10.0	5.0
tt14072954	10.0	5.0
tt14075356	10.0	6.0
tt14075364	10.0	5.0
tt1407983	10.0	8.0
tt14097152	10.0	8.0
tt14100874	10.0	7.0
tt14107232	10.0	5.0
tt14110226	10.0	9.0
tt14114182	10.0	9.0
tt14116714	10.0	8.0
tt14116932	10.0	5.0
tt14117668	10.0	9.0
tt14121482	10.0	8.0
tt1412398	10.0	10.0
tt14124874	10.0	9.0
tt14130486	10.0	5.0
tt14142132	10.0	8.0
tt14143098	10.0	14.0
tt14143242	10.0	7.0
tt14143256	10.0	5.0
tt14146656	10.0	11.0
tt14150852	10.0	13.0
tt14150888	10.0	13.0
tt14150910	10.0	13.0
tt14151038	10.0	12.0
tt14151058	10.0	12.0
tt14151126	10.0	12.0
tt14151132	10.0	12.0
tt14151148	10.0	11.0
tt14151166	10.0	12.0
tt14151176	10.0	11.0
tt14151180	10.0	11.0
tt14151192	10.0	11.0
tt14151200	10.0	11.0
tt14151210	10.0	11.0
tt14151224	10.0	11.0
tt14151232	10.0	11.0
tt14151236	10.0	11.0
tt14151238	10.0	11.0
tt14151244	10.0	11.0
tt14151252	10.0	11.0
tt14151264	10.0	11.0
tt14151272	10.0	11.0
tt14151292	10.0	11.0
tt14151304	10.0	11.0
tt14151312	10.0	11.0
tt14151320	10.0	11.0
tt14151328	10.0	11.0
tt14151340	10.0	11.0
tt14151356	10.0	11.0
tt14151362	10.0	11.0
tt14151366	10.0	11.0
tt14151376	10.0	11.0
tt14155726	10.0	8.0
tt14156730	10.0	8.0
tt14167694	10.0	5.0
tt14170592	10.0	5.0
tt14173302	10.0	5.0
tt14176112	10.0	5.0
tt14178268	10.0	7.0
tt14178628	10.0	6.0
tt1418128	10.0	15.0
tt14181808	10.0	5.0
tt14196626	10.0	7.0
tt14202720	10.0	9.0
tt14213228	10.0	6.0
tt14217188	10.0	8.0
tt14227378	10.0	6.0
tt14227798	10.0	12.0
tt14228192	10.0	12.0
tt1423599	10.0	7.0
tt14237302	10.0	5.0
tt1424763	10.0	6.0
tt14253434	10.0	7.0
tt14257558	10.0	7.0
tt14257564	10.0	7.0
tt14260178	10.0	8.0
tt14265008	10.0	5.0
tt1428009	10.0	14.0
tt14286460	10.0	5.0
tt14288628	10.0	7.0
tt14296154	10.0	7.0
tt14303266	10.0	85.0
tt14304980	10.0	5.0
tt14308810	10.0	8.0
tt14309742	10.0	5.0
tt14309938	10.0	6.0
tt14316488	10.0	34.0
tt14316652	10.0	6.0
tt14316708	10.0	6.0
tt14316744	10.0	7.0
tt14316746	10.0	7.0
tt14316772	10.0	5.0
tt14316816	10.0	6.0
tt14316828	10.0	6.0
tt14318168	10.0	7.0
tt14324800	10.0	5.0
tt14330522	10.0	7.0
tt14330812	10.0	7.0
tt14333348	10.0	14.0
tt1434627	10.0	21.0
tt1434629	10.0	22.0
tt14348868	10.0	6.0
tt14366736	10.0	6.0
tt14366826	10.0	6.0
tt14366926	10.0	6.0
tt14366964	10.0	6.0
tt14366974	10.0	6.0
tt14366988	10.0	6.0
tt14367014	10.0	6.0
tt14367042	10.0	5.0
tt14367516	10.0	5.0
tt14367532	10.0	5.0
tt14367606	10.0	5.0
tt14367628	10.0	5.0
tt14372076	10.0	5.0
tt14377954	10.0	16.0
tt14385526	10.0	9.0
tt14389996	10.0	7.0
tt14391264	10.0	12.0
tt14391292	10.0	14.0
tt1439167	10.0	10.0
tt14409560	10.0	6.0
tt14409616	10.0	6.0
tt14409636	10.0	6.0
tt14409650	10.0	6.0
tt14409672	10.0	6.0
tt14409806	10.0	15.0
tt14412326	10.0	6.0
tt14417010	10.0	7.0
tt14417550	10.0	5.0
tt14428982	10.0	7.0
tt1443021	10.0	9.0
tt14439936	10.0	6.0
tt1444777	10.0	5.0
tt14454768	10.0	9.0
tt14458084	10.0	6.0
tt1446140	10.0	5.0
tt14472232	10.0	5.0
tt1447236	10.0	23.0
tt14475010	10.0	5.0
tt14481600	10.0	6.0
tt14483110	10.0	7.0
tt14486032	10.0	9.0
tt1448783	10.0	23.0
tt1448787	10.0	21.0
tt14495344	10.0	5.0
tt14495754	10.0	5.0
tt1449800	10.0	7.0
tt14508612	10.0	5.0
tt14508628	10.0	5.0
tt14508652	10.0	5.0
tt14508750	10.0	5.0
tt14512866	10.0	18.0
tt14513850	10.0	7.0
tt1451680	10.0	9.0
tt14520498	10.0	13.0
tt14533518	10.0	13.0
tt14533520	10.0	7.0
tt14533524	10.0	10.0
tt14533526	10.0	7.0
tt14533530	10.0	10.0
tt14533532	10.0	7.0
tt14533534	10.0	9.0
tt14536286	10.0	6.0
tt14547828	10.0	5.0
tt14556626	10.0	15.0
tt14558086	10.0	5.0
tt14562870	10.0	10.0
tt14563370	10.0	18.0
tt14565106	10.0	29.0
tt14565124	10.0	29.0
tt14565138	10.0	29.0
tt14565156	10.0	29.0
tt14567380	10.0	6.0
tt14567450	10.0	6.0
tt14567468	10.0	6.0
tt14567784	10.0	6.0
tt14568524	10.0	6.0
tt14568540	10.0	6.0
tt14568582	10.0	5.0
tt14568638	10.0	6.0
tt14568662	10.0	6.0
tt14568700	10.0	6.0
tt14568712	10.0	6.0
tt14568716	10.0	6.0
tt14568726	10.0	6.0
tt14568738	10.0	6.0
tt14568742	10.0	6.0
tt14568758	10.0	6.0
tt14568772	10.0	6.0
tt14568780	10.0	6.0
tt14568804	10.0	6.0
tt14568812	10.0	6.0
tt14568818	10.0	6.0
tt14568832	10.0	6.0
tt14568840	10.0	6.0
tt14568912	10.0	6.0
tt1456961	10.0	10.0
tt14570076	10.0	7.0
tt14577192	10.0	6.0
tt14577232	10.0	6.0
tt14577482	10.0	6.0
tt14577494	10.0	9.0
tt14577636	10.0	6.0
tt14579422	10.0	5.0
tt14585648	10.0	6.0
tt14589566	10.0	6.0
tt14599466	10.0	11.0
tt14600654	10.0	7.0
tt14600698	10.0	10.0
tt14601922	10.0	7.0
tt14610000	10.0	6.0
tt1461892	10.0	182.0
tt1462532	10.0	6.0
tt14625580	10.0	7.0
tt14631452	10.0	7.0
tt14655672	10.0	6.0
tt14655752	10.0	6.0
tt1468626	10.0	10.0
tt14695910	10.0	10.0
tt14697002	10.0	6.0
tt14697056	10.0	6.0
tt14714002	10.0	6.0
tt14716998	10.0	6.0
tt14721932	10.0	10.0
tt14721934	10.0	8.0
tt14721940	10.0	5.0
tt14722262	10.0	6.0
tt14727954	10.0	6.0
tt14734992	10.0	8.0
tt14735036	10.0	8.0
tt14735076	10.0	8.0
tt14743204	10.0	18.0
tt14744886	10.0	10.0
tt14746060	10.0	6.0
tt14749180	10.0	273.0
tt14751934	10.0	5.0
tt14754836	10.0	11.0
tt14755002	10.0	7.0
tt14761700	10.0	6.0
tt14765330	10.0	7.0
tt14768376	10.0	7.0
tt14773272	10.0	5.0
tt14779378	10.0	29.0
tt14779410	10.0	29.0
tt14784218	10.0	12.0
tt14786888	10.0	6.0
tt14810794	10.0	17.0
tt14820918	10.0	77.0
tt14828418	10.0	5.0
tt14831476	10.0	6.0
tt14833814	10.0	5.0
tt14843700	10.0	7.0
tt14849170	10.0	6.0
tt1485054	10.0	20.0
tt14851960	10.0	66.0
tt14851964	10.0	66.0
tt14851966	10.0	66.0
tt14857652	10.0	7.0
tt14860890	10.0	7.0
tt14862550	10.0	9.0
tt14868676	10.0	331.0
tt14872982	10.0	29.0
tt14872988	10.0	29.0
tt14872992	10.0	29.0
tt14872994	10.0	29.0
tt14919334	10.0	5.0
tt1492831	10.0	5.0
tt14928658	10.0	63.0
tt14928918	10.0	10.0
tt1493266	10.0	16.0
tt14934400	10.0	62.0
tt14939592	10.0	58.0
tt14941184	10.0	10.0
tt14943980	10.0	5.0
tt14944460	10.0	5.0
tt14981048	10.0	52.0
tt15000852	10.0	20.0
tt15008444	10.0	5.0
tt15011332	10.0	6.0
tt15012472	10.0	6.0
tt15012714	10.0	13.0
tt15024300	10.0	7.0
tt15024304	10.0	6.0
tt15024320	10.0	6.0
tt15024324	10.0	5.0
tt15024326	10.0	9.0
tt15037926	10.0	5.0
tt15038308	10.0	5.0
tt15060342	10.0	14.0
tt15062278	10.0	5.0
tt15068240	10.0	6.0
tt15073080	10.0	13.0
tt15077462	10.0	6.0
tt15079516	10.0	8.0
tt15081674	10.0	5.0
tt15082060	10.0	5.0
tt1509134	10.0	12.0
tt1509302	10.0	13.0
tt1509757	10.0	5.0
tt1509828	10.0	5.0
tt15104566	10.0	22.0
tt15110334	10.0	6.0
tt15110344	10.0	6.0
tt15126564	10.0	7.0
tt1512706	10.0	8.0
tt15127768	10.0	5.0
tt1512827	10.0	7.0
tt15129846	10.0	7.0
tt1513049	10.0	11.0
tt1513828	10.0	5.0
tt15141462	10.0	8.0
tt15146014	10.0	6.0
tt15146314	10.0	6.0
tt15146326	10.0	6.0
tt15146336	10.0	6.0
tt15146338	10.0	6.0
tt15146348	10.0	6.0
tt15146368	10.0	6.0
tt15146380	10.0	6.0
tt15146384	10.0	6.0
tt15146392	10.0	6.0
tt15146412	10.0	6.0
tt15146416	10.0	6.0
tt15146428	10.0	6.0
tt15146432	10.0	6.0
tt15146442	10.0	5.0
tt15146444	10.0	5.0
tt15146458	10.0	5.0
tt15146466	10.0	5.0
tt15146470	10.0	5.0
tt15146476	10.0	5.0
tt15146478	10.0	6.0
tt15146490	10.0	5.0
tt15146492	10.0	5.0
tt15146494	10.0	5.0
tt15146504	10.0	5.0
tt15146514	10.0	5.0
tt15146520	10.0	5.0
tt15146528	10.0	5.0
tt15146532	10.0	5.0
tt15146600	10.0	5.0
tt15146614	10.0	5.0
tt15146618	10.0	5.0
tt15146622	10.0	5.0
tt15146626	10.0	5.0
tt15146628	10.0	5.0
tt15146654	10.0	5.0
tt15146656	10.0	5.0
tt15146662	10.0	5.0
tt15146664	10.0	5.0
tt15146668	10.0	5.0
tt15146672	10.0	5.0
tt15146676	10.0	6.0
tt15146692	10.0	6.0
tt15146696	10.0	6.0
tt15146698	10.0	6.0
tt15146702	10.0	7.0
tt15146744	10.0	8.0
tt15146754	10.0	6.0
tt15146762	10.0	5.0
tt15146774	10.0	5.0
tt15146778	10.0	5.0
tt15146788	10.0	5.0
tt15146794	10.0	6.0
tt15146802	10.0	5.0
tt15146808	10.0	5.0
tt15146818	10.0	5.0
tt15146822	10.0	5.0
tt15146826	10.0	5.0
tt15146828	10.0	5.0
tt15146838	10.0	5.0
tt15146840	10.0	5.0
tt15146846	10.0	5.0
tt15146848	10.0	5.0
tt15146852	10.0	5.0
tt15146854	10.0	5.0
tt15146858	10.0	5.0
tt15146862	10.0	5.0
tt15146864	10.0	5.0
tt15146886	10.0	5.0
tt15146936	10.0	5.0
tt15146946	10.0	5.0
tt15146970	10.0	5.0
tt15146982	10.0	5.0
tt15146996	10.0	5.0
tt15147006	10.0	6.0
tt15147036	10.0	5.0
tt15147044	10.0	6.0
tt15147062	10.0	6.0
tt15147068	10.0	6.0
tt15147076	10.0	6.0
tt15147090	10.0	6.0
tt15147144	10.0	6.0
tt15147150	10.0	6.0
tt15147156	10.0	6.0
tt15147168	10.0	6.0
tt15147176	10.0	6.0
tt15147182	10.0	6.0
tt15147190	10.0	6.0
tt15147200	10.0	6.0
tt15147206	10.0	6.0
tt15147216	10.0	6.0
tt15147224	10.0	6.0
tt15147228	10.0	6.0
tt15147320	10.0	9.0
tt15147340	10.0	9.0
tt15147350	10.0	9.0
tt15147358	10.0	8.0
tt15147364	10.0	8.0
tt15147370	10.0	8.0
tt15147382	10.0	8.0
tt15147558	10.0	8.0
tt15147572	10.0	8.0
tt15147582	10.0	8.0
tt15147592	10.0	11.0
tt15147594	10.0	8.0
tt15147614	10.0	8.0
tt15147624	10.0	8.0
tt15147640	10.0	8.0
tt15147652	10.0	8.0
tt15147672	10.0	8.0
tt15147680	10.0	8.0
tt15147740	10.0	12.0
tt15147750	10.0	8.0
tt15147752	10.0	8.0
tt15147770	10.0	8.0
tt15147786	10.0	8.0
tt15147796	10.0	8.0
tt15147800	10.0	8.0
tt15147838	10.0	27.0
tt15147858	10.0	18.0
tt15147894	10.0	19.0
tt15148060	10.0	17.0
tt15148062	10.0	21.0
tt15148070	10.0	19.0
tt15148090	10.0	19.0
tt15148094	10.0	21.0
tt15148096	10.0	21.0
tt15148100	10.0	25.0
tt15152428	10.0	12.0
tt15159270	10.0	11.0
tt1516069	10.0	5.0
tt15163780	10.0	87.0
tt15180382	10.0	6.0
tt15180632	10.0	6.0
tt15180646	10.0	6.0
tt15180652	10.0	6.0
tt15180682	10.0	6.0
tt15180686	10.0	6.0
tt15180692	10.0	6.0
tt15180696	10.0	6.0
tt15180702	10.0	6.0
tt15180800	10.0	6.0
tt15182734	10.0	8.0
tt15196746	10.0	27.0
tt15196786	10.0	27.0
tt1520600	10.0	14.0
tt15209032	10.0	46.0
tt15219444	10.0	9.0
tt15223520	10.0	8.0
tt15235106	10.0	7.0
tt15244216	10.0	6.0
tt15244262	10.0	6.0
tt15244312	10.0	6.0
tt15244336	10.0	6.0
tt15244354	10.0	6.0
tt15244762	10.0	6.0
tt15244788	10.0	6.0
tt15245730	10.0	5.0
tt15262586	10.0	8.0
tt15281674	10.0	6.0
tt15287644	10.0	11.0
tt15291772	10.0	7.0
tt15300706	10.0	6.0
tt15300724	10.0	5.0
tt15300732	10.0	5.0
tt15300742	10.0	5.0
tt15300750	10.0	7.0
tt15310764	10.0	5.0
tt15314300	10.0	6.0
tt15314320	10.0	6.0
tt15314326	10.0	6.0
tt15314330	10.0	6.0
tt15319658	10.0	11.0
tt15319662	10.0	8.0
tt1532296	10.0	198.0
tt15326738	10.0	8.0
tt1532921	10.0	11.0
tt15333248	10.0	22.0
tt15347188	10.0	5.0
tt15348448	10.0	10.0
tt15348576	10.0	9.0
tt15348626	10.0	8.0
tt15354932	10.0	5.0
tt15360926	10.0	284.0
tt15360938	10.0	239.0
tt15360944	10.0	38.0
tt15360948	10.0	19.0
tt15360954	10.0	14.0
tt15372032	10.0	7.0
tt15372602	10.0	14.0
tt15372618	10.0	16.0
tt15375090	10.0	6.0
tt15375122	10.0	5.0
tt15375280	10.0	85.0
tt1537683	10.0	22.0
tt15382170	10.0	5.0
tt15402804	10.0	5.0
tt15403660	10.0	6.0
tt15410138	10.0	425.0
tt15410144	10.0	412.0
tt15410146	10.0	397.0
tt15410148	10.0	374.0
tt15410150	10.0	406.0
tt15410152	10.0	191.0
tt15410156	10.0	121.0
tt15410160	10.0	75.0
tt15410168	10.0	37.0
tt15410170	10.0	19.0
tt15411286	10.0	5.0
tt1541669	10.0	5.0
tt15422002	10.0	7.0
tt15425478	10.0	8.0
tt15428766	10.0	12.0
tt1543513	10.0	6.0
tt15440008	10.0	5.0
tt15440648	10.0	5.0
tt15452484	10.0	7.0
tt15456580	10.0	5.0
tt15457194	10.0	9.0
tt15459126	10.0	5.0
tt15470666	10.0	10.0
tt15474938	10.0	5.0
tt15476400	10.0	7.0
tt1548068	10.0	9.0
tt15484634	10.0	7.0
tt15501130	10.0	8.0
tt15501132	10.0	8.0
tt15501184	10.0	8.0
tt15509848	10.0	5.0
tt15515578	10.0	7.0
tt15522758	10.0	6.0
tt1552316	10.0	9.0
tt1552623	10.0	7.0
tt15539984	10.0	5.0
tt15546014	10.0	5.0
tt15548374	10.0	5.0
tt1555081	10.0	5.0
tt1555750	10.0	11.0
tt15560142	10.0	6.0
tt15618820	10.0	6.0
tt15618886	10.0	6.0
tt15619008	10.0	6.0
tt15619072	10.0	6.0
tt15619192	10.0	6.0
tt15619612	10.0	7.0
tt15619744	10.0	8.0
tt15627312	10.0	10.0
tt15654822	10.0	22.0
tt1565883	10.0	5.0
tt15681020	10.0	5.0
tt15692222	10.0	5.0
tt15699132	10.0	14.0
tt15699140	10.0	8.0
tt1570081	10.0	9.0
tt15703844	10.0	8.0
tt15714320	10.0	9.0
tt15714794	10.0	106.0
tt15717438	10.0	6.0
tt15726848	10.0	5.0
tt15733380	10.0	6.0
tt15736370	10.0	389.0
tt1574585	10.0	5.0
tt15746592	10.0	9.0
tt15750352	10.0	5.0
tt15752272	10.0	9.0
tt15758234	10.0	6.0
tt1576397	10.0	6.0
tt15767304	10.0	5.0
tt15772380	10.0	6.0
tt1577526	10.0	8.0
tt1577528	10.0	8.0
tt1577531	10.0	8.0
tt15777358	10.0	6.0
tt1578097	10.0	5.0
tt15791642	10.0	7.0
tt15799602	10.0	6.0
tt15799708	10.0	6.0
tt15806252	10.0	12.0
tt15808020	10.0	5.0
tt15808232	10.0	5.0
tt15808996	10.0	5.0
tt15809674	10.0	7.0
tt1581171	10.0	8.0
tt1581173	10.0	7.0
tt1581178	10.0	6.0
tt1581179	10.0	7.0
tt1581180	10.0	7.0
tt1581181	10.0	7.0
tt1581182	10.0	7.0
tt1581183	10.0	7.0
tt1581184	10.0	7.0
tt1581185	10.0	7.0
tt1581186	10.0	7.0
tt15812946	10.0	9.0
tt15815832	10.0	11.0
tt15818740	10.0	5.0
tt15819158	10.0	5.0
tt15819294	10.0	5.0
tt15819306	10.0	5.0
tt15819328	10.0	5.0
tt15819390	10.0	5.0
tt15821234	10.0	5.0
tt1582126	10.0	7.0
tt15822792	10.0	8.0
tt15825400	10.0	7.0
tt15828822	10.0	6.0
tt15875180	10.0	5.0
tt15905298	10.0	7.0
tt15906708	10.0	7.0
tt1591753	10.0	8.0
tt1591764	10.0	6.0
tt1592577	10.0	8.0
tt15939120	10.0	10.0
tt16026156	10.0	8.0
tt16044510	10.0	8.0
tt16044870	10.0	8.0
tt16058566	10.0	393.0
tt16112898	10.0	6.0
tt16112952	10.0	6.0
tt16138708	10.0	6.0
tt1614331	10.0	7.0
tt1614974	10.0	5.0
tt16150402	10.0	5.0
tt16231902	10.0	6.0
tt16233062	10.0	6.0
tt1625151	10.0	6.0
tt1631430	10.0	6.0
tt1651103	10.0	5.0
tt1660424	10.0	8.0
tt1662045	10.0	180.0
tt1669385	10.0	180.0
tt1669386	10.0	180.0
tt1669387	10.0	180.0
tt1673182	10.0	6.0
tt1679212	10.0	6.0
tt1679251	10.0	7.0
tt1683137	10.0	14.0
tt1691392	10.0	8.0
tt1707301	10.0	5.0
tt1708516	10.0	5.0
tt1719488	10.0	103.0
tt1724305	10.0	5.0
tt1777297	10.0	17.0
tt1781692	10.0	5.0
tt1787053	10.0	19.0
tt1787347	10.0	9.0
tt1788541	10.0	12.0
tt1789944	10.0	6.0
tt1791487	10.0	7.0
tt1802377	10.0	7.0
tt1805407	10.0	5.0
tt1806372	10.0	6.0
tt1806985	10.0	7.0
tt1815936	10.0	7.0
tt1819770	10.0	5.0
tt1820508	10.0	8.0
tt1820612	10.0	9.0
tt1827110	10.0	6.0
tt1833210	10.0	8.0
tt1835822	10.0	10.0
tt1840935	10.0	5.0
tt1849431	10.0	9.0
tt1874483	10.0	6.0
tt1900453	10.0	15.0
tt1902414	10.0	181.0
tt1906318	10.0	6.0
tt1906324	10.0	19.0
tt1906407	10.0	7.0
tt1907612	10.0	13.0
tt1909766	10.0	7.0
tt1924444	10.0	10.0
tt1929254	10.0	9.0
tt1935790	10.0	7.0
tt1958076	10.0	10.0
tt1966642	10.0	6.0
tt1968944	10.0	6.0
tt1971540	10.0	6.0
tt1975866	10.0	5.0
tt1978080	10.0	9.0
tt1978081	10.0	11.0
tt1982817	10.0	11.0
tt1983429	10.0	17.0
tt1988997	10.0	13.0
tt1989002	10.0	13.0
tt1989042	10.0	17.0
tt1989043	10.0	17.0
tt1990409	10.0	8.0
tt1990410	10.0	8.0
tt1990411	10.0	8.0
tt1990412	10.0	8.0
tt1990413	10.0	8.0
tt1990414	10.0	8.0
tt1990415	10.0	8.0
tt1990416	10.0	8.0
tt1990417	10.0	8.0
tt1990419	10.0	8.0
tt1996270	10.0	5.0
tt1998725	10.0	7.0
tt2001530	10.0	17.0
tt2010385	10.0	12.0
tt2012906	10.0	17.0
tt2012907	10.0	17.0
tt2016188	10.0	5.0
tt2031383	10.0	17.0
tt2037524	10.0	5.0
tt2047551	10.0	5.0
tt2048298	10.0	17.0
tt2048299	10.0	17.0
tt2048752	10.0	7.0
tt2061693	10.0	171.0
tt2063258	10.0	17.0
tt2063259	10.0	17.0
tt2064107	10.0	8.0
tt2065171	10.0	7.0
tt2076145	10.0	6.0
tt2076917	10.0	8.0
tt2078578	10.0	7.0
tt2082188	10.0	28.0
tt2082189	10.0	28.0
tt2087670	10.0	5.0
tt2088264	10.0	17.0
tt2088265	10.0	17.0
tt2088266	10.0	17.0
tt2088267	10.0	17.0
tt2097811	10.0	6.0
tt2097873	10.0	7.0
tt2097885	10.0	6.0
tt2097893	10.0	5.0
tt2098783	10.0	7.0
tt2098787	10.0	6.0
tt2100856	10.0	180.0
tt2100857	10.0	181.0
tt2104174	10.0	15.0
tt2104820	10.0	5.0
tt2110856	10.0	7.0
tt2113096	10.0	5.0
tt2114542	10.0	6.0
tt2120509	10.0	12.0
tt2121938	10.0	17.0
tt2121939	10.0	17.0
tt2121940	10.0	17.0
tt2121941	10.0	17.0
tt2121942	10.0	17.0
tt2122660	10.0	5.0
tt2123533	10.0	22.0
tt2123934	10.0	7.0
tt2124268	10.0	18.0
tt2124271	10.0	18.0
tt2124273	10.0	31.0
tt2124276	10.0	7.0
tt2124280	10.0	7.0
tt2144775	10.0	14.0
tt2144777	10.0	14.0
tt2144781	10.0	14.0
tt2144783	10.0	14.0
tt2144785	10.0	14.0
tt2144787	10.0	14.0
tt2144789	10.0	14.0
tt2146841	10.0	5.0
tt2155041	10.0	6.0
tt2163915	10.0	17.0
tt2163921	10.0	17.0
tt2163923	10.0	17.0
tt2164957	10.0	5.0
tt2168668	10.0	9.0
tt2176711	10.0	7.0
tt2178015	10.0	7.0
tt2178021	10.0	7.0
tt2178023	10.0	7.0
tt2180024	10.0	6.0
tt2195706	10.0	5.0
tt2212257	10.0	5.0
tt2220063	10.0	9.0
tt2222199	10.0	5.0
tt2224414	10.0	7.0
tt2234254	10.0	5.0
tt2245041	10.0	6.0
tt2247371	10.0	8.0
tt2248697	10.0	7.0
tt2251440	10.0	14.0
tt2255847	10.0	7.0
tt2282261	10.0	8.0
tt2291216	10.0	6.0
tt2301451	10.0	147579.0
tt2304939	10.0	6.0
tt2325394	10.0	12.0
tt2328081	10.0	5.0
tt2332212	10.0	10.0
tt2332232	10.0	11.0
tt2332255	10.0	12.0
tt2332257	10.0	12.0
tt2332267	10.0	12.0
tt2332269	10.0	11.0
tt2332271	10.0	12.0
tt2340755	10.0	7.0
tt2342064	10.0	7.0
tt2342710	10.0	9.0
tt2342734	10.0	9.0
tt2352187	10.0	14.0
tt2356335	10.0	14.0
tt2377160	10.0	10.0
tt2382830	10.0	7.0
tt2390230	10.0	10.0
tt2392901	10.0	7.0
tt2395298	10.0	7.0
tt2399912	10.0	6.0
tt2424632	10.0	17.0
tt2479232	10.0	10.0
tt2486116	10.0	7.0
tt2498454	10.0	5.0
tt2505172	10.0	5.0
tt2510744	10.0	126.0
tt2535160	10.0	5.0
tt2555246	10.0	6.0
tt2562402	10.0	11.0
tt2576356	10.0	5.0
tt2577592	10.0	5.0
tt2592552	10.0	5.0
tt2602528	10.0	7.0
tt2603026	10.0	6.0
tt2622442	10.0	7.0
tt2623930	10.0	6.0
tt2634334	10.0	14.0
tt2638970	10.0	6.0
tt2639698	10.0	9.0
tt2646104	10.0	16.0
tt2661252	10.0	6.0
tt2679158	10.0	15.0
tt2704864	10.0	7.0
tt2718144	10.0	9.0
tt2726864	10.0	10.0
tt2736640	10.0	17.0
tt2738692	10.0	10.0
tt2783812	10.0	6.0
tt2791782	10.0	13.0
tt2792766	10.0	13.0
tt2805670	10.0	23.0
tt2812808	10.0	6.0
tt2853628	10.0	5.0
tt2865862	10.0	6.0
tt2873566	10.0	11.0
tt2884278	10.0	7.0
tt2900598	10.0	5.0
tt2903192	10.0	24.0
tt2924558	10.0	6.0
tt2932964	10.0	6.0
tt2949100	10.0	8.0
tt2951956	10.0	7.0
tt2951958	10.0	7.0
tt2951966	10.0	9.0
tt2951970	10.0	9.0
tt2951976	10.0	9.0
tt2951986	10.0	9.0
tt2952010	10.0	9.0
tt2952012	10.0	9.0
tt2952022	10.0	9.0
tt2952024	10.0	9.0
tt2952028	10.0	9.0
tt2952030	10.0	8.0
tt2952032	10.0	9.0
tt2952036	10.0	9.0
tt2952040	10.0	9.0
tt2952794	10.0	9.0
tt2952800	10.0	9.0
tt2952806	10.0	8.0
tt2952826	10.0	9.0
tt2952838	10.0	11.0
tt2952840	10.0	10.0
tt2952842	10.0	11.0
tt2960984	10.0	6.0
tt2982730	10.0	10.0
tt2990344	10.0	5.0
tt3004314	10.0	21.0
tt3080776	10.0	16.0
tt3092570	10.0	16.0
tt3092572	10.0	16.0
tt3092578	10.0	16.0
tt3092580	10.0	16.0
tt3092582	10.0	16.0
tt3092604	10.0	16.0
tt3092608	10.0	16.0
tt3092612	10.0	16.0
tt3092628	10.0	16.0
tt3095210	10.0	16.0
tt3095408	10.0	8.0
tt3096146	10.0	5.0
tt3096964	10.0	5.0
tt3107992	10.0	15.0
tt3110684	10.0	9.0
tt3121624	10.0	13.0
tt3137380	10.0	7.0
tt3137424	10.0	6.0
tt3138792	10.0	13.0
tt3143618	10.0	9.0
tt3144814	10.0	9.0
tt3150022	10.0	13.0
tt3169884	10.0	13.0
tt3177512	10.0	6.0
tt3194958	10.0	13.0
tt3199322	10.0	12.0
tt3209304	10.0	10.0
tt3227282	10.0	13.0
tt3230264	10.0	18.0
tt3232574	10.0	13.0
tt3243394	10.0	13.0
tt3251268	10.0	13.0
tt3266680	10.0	12.0
tt3276064	10.0	13.0
tt3284584	10.0	13.0
tt3301308	10.0	13.0
tt3303248	10.0	7.0
tt3319056	10.0	6.0
tt3332364	10.0	13.0
tt3348220	10.0	13.0
tt3358364	10.0	13.0
tt3358366	10.0	13.0
tt3358436	10.0	16.0
tt3398176	10.0	13.0
tt3415584	10.0	15.0
tt3418862	10.0	16.0
tt3420150	10.0	7.0
tt3484488	10.0	5.0
tt3484490	10.0	5.0
tt3485028	10.0	13.0
tt3488408	10.0	6.0
tt3502174	10.0	13.0
tt3503486	10.0	15.0
tt3507346	10.0	6.0
tt3517708	10.0	11.0
tt3559116	10.0	5.0
tt3566344	10.0	6.0
tt3567402	10.0	8.0
tt3571722	10.0	7.0
tt3571726	10.0	7.0
tt3571728	10.0	7.0
tt3571730	10.0	7.0
tt3599434	10.0	9.0
tt3600014	10.0	5.0
tt3607486	10.0	5.0
tt3628006	10.0	12.0
tt3628008	10.0	11.0
tt3628022	10.0	11.0
tt3628028	10.0	7.0
tt3633944	10.0	11.0
tt3634302	10.0	13.0
tt3654612	10.0	8.0
tt3665162	10.0	11.0
tt3674924	10.0	11.0
tt3677354	10.0	17.0
tt3677364	10.0	17.0
tt3677374	10.0	17.0
tt3677384	10.0	17.0
tt3677390	10.0	17.0
tt3689510	10.0	11.0
tt3691354	10.0	8.0
tt3713742	10.0	5.0
tt3713754	10.0	5.0
tt3713776	10.0	5.0
tt3714666	10.0	7.0
tt3723474	10.0	10.0
tt3727938	10.0	5.0
tt3734794	10.0	11.0
tt3736788	10.0	6.0
tt3738632	10.0	11.0
tt3744584	10.0	11.0
tt3761844	10.0	11.0
tt3781648	10.0	11.0
tt3787360	10.0	6.0
tt3791620	10.0	8.0
tt3820354	10.0	5.0
tt3831918	10.0	22.0
tt3843938	10.0	6.0
tt3848022	10.0	8.0
tt3854354	10.0	10.0
tt3880760	10.0	5.0
tt3896708	10.0	6.0
tt3921894	10.0	6.0
tt3950936	10.0	10.0
tt3962618	10.0	9.0
tt4018144	10.0	8.0
tt4019502	10.0	9.0
tt4049860	10.0	7.0
tt4052162	10.0	9.0
tt4061676	10.0	6.0
tt4087534	10.0	8.0
tt4123178	10.0	6.0
tt4129358	10.0	8.0
tt4158240	10.0	9.0
tt4158252	10.0	9.0
tt4158258	10.0	9.0
tt4158266	10.0	9.0
tt4175958	10.0	7.0
tt4192832	10.0	5.0
tt4195422	10.0	9.0
tt4201236	10.0	8.0
tt4201240	10.0	8.0
tt4201242	10.0	9.0
tt4201244	10.0	8.0
tt4201248	10.0	9.0
tt4201260	10.0	9.0
tt4201262	10.0	8.0
tt4201268	10.0	9.0
tt4201272	10.0	8.0
tt4201278	10.0	8.0
tt4214076	10.0	9.0
tt4214088	10.0	5.0
tt4228752	10.0	9.0
tt4229108	10.0	9.0
tt4262058	10.0	9.0
tt4266276	10.0	8.0
tt4266316	10.0	9.0
tt4266376	10.0	8.0
tt4266532	10.0	9.0
tt4267618	10.0	7.0
tt4270194	10.0	6.0
tt4304416	10.0	8.0
tt4308438	10.0	8.0
tt4328646	10.0	6.0
tt4364288	10.0	7.0
tt4365442	10.0	5.0
tt4418764	10.0	6.0
tt4420018	10.0	7.0
tt4428002	10.0	8.0
tt4432110	10.0	7.0
tt4460820	10.0	14.0
tt4474642	10.0	5.0
tt4474650	10.0	5.0
tt4475070	10.0	5.0
tt4475076	10.0	5.0
tt4475080	10.0	5.0
tt4475082	10.0	5.0
tt4511648	10.0	7.0
tt4511650	10.0	7.0
tt4511652	10.0	7.0
tt4511654	10.0	7.0
tt4511656	10.0	7.0
tt4511660	10.0	7.0
tt4511664	10.0	7.0
tt4511668	10.0	7.0
tt4511670	10.0	7.0
tt4537046	10.0	20.0
tt4540452	10.0	5.0
tt4542360	10.0	7.0
tt4542362	10.0	7.0
tt4542364	10.0	7.0
tt4542370	10.0	7.0
tt4542374	10.0	7.0
tt4542376	10.0	7.0
tt4542394	10.0	7.0
tt4542398	10.0	7.0
tt4542400	10.0	7.0
tt4542406	10.0	7.0
tt4542410	10.0	7.0
tt4542424	10.0	7.0
tt4542428	10.0	7.0
tt4542430	10.0	7.0
tt4542442	10.0	7.0
tt4542446	10.0	7.0
tt4542448	10.0	7.0
tt4542450	10.0	7.0
tt4542452	10.0	7.0
tt4542456	10.0	7.0
tt4542462	10.0	7.0
tt4542464	10.0	7.0
tt4553326	10.0	7.0
tt4568452	10.0	5.0
tt4580040	10.0	7.0
tt4590016	10.0	8.0
tt4596214	10.0	7.0
tt4599648	10.0	7.0
tt4601920	10.0	11.0
tt4645020	10.0	15.0
tt4649220	10.0	5.0
tt4666250	10.0	9.0
tt4679540	10.0	10.0
tt4691874	10.0	5.0
tt4691888	10.0	5.0
tt4691892	10.0	5.0
tt4691896	10.0	5.0
tt4691906	10.0	5.0
tt4691938	10.0	5.0
tt4692028	10.0	5.0
tt4692076	10.0	5.0
tt4698778	10.0	7.0
tt4698780	10.0	7.0
tt4698790	10.0	7.0
tt4698794	10.0	7.0
tt4698808	10.0	6.0
tt4698814	10.0	6.0
tt4698818	10.0	7.0
tt4698822	10.0	7.0
tt4698836	10.0	6.0
tt4698930	10.0	6.0
tt4699096	10.0	6.0
tt4699532	10.0	5.0
tt4699536	10.0	5.0
tt4699538	10.0	5.0
tt4699552	10.0	5.0
tt4699556	10.0	5.0
tt4699560	10.0	5.0
tt4699578	10.0	5.0
tt4699588	10.0	5.0
tt4699606	10.0	5.0
tt4699614	10.0	5.0
tt4702986	10.0	6.0
tt4702988	10.0	6.0
tt4702992	10.0	6.0
tt4702996	10.0	6.0
tt4703000	10.0	6.0
tt4703002	10.0	6.0
tt4703062	10.0	6.0
tt4703072	10.0	6.0
tt4703074	10.0	6.0
tt4703080	10.0	6.0
tt4703086	10.0	6.0
tt4703096	10.0	6.0
tt4703098	10.0	6.0
tt4703106	10.0	6.0
tt4703116	10.0	6.0
tt4703122	10.0	5.0
tt4703124	10.0	6.0
tt4703138	10.0	6.0
tt4703162	10.0	6.0
tt4703172	10.0	6.0
tt4703178	10.0	6.0
tt4703194	10.0	6.0
tt4703200	10.0	6.0
tt4703204	10.0	6.0
tt4703208	10.0	6.0
tt4703212	10.0	5.0
tt4703216	10.0	5.0
tt4703224	10.0	5.0
tt4703228	10.0	6.0
tt4703234	10.0	6.0
tt4703842	10.0	5.0
tt4703844	10.0	5.0
tt4703846	10.0	5.0
tt4703848	10.0	5.0
tt4703852	10.0	5.0
tt4703854	10.0	5.0
tt4703856	10.0	5.0
tt4703862	10.0	5.0
tt4703864	10.0	5.0
tt4703866	10.0	5.0
tt4703872	10.0	5.0
tt4703874	10.0	5.0
tt4703876	10.0	5.0
tt4703880	10.0	5.0
tt4703882	10.0	5.0
tt4703884	10.0	5.0
tt4703886	10.0	5.0
tt4703888	10.0	5.0
tt4703894	10.0	5.0
tt4703898	10.0	5.0
tt4703906	10.0	5.0
tt4703908	10.0	5.0
tt4703916	10.0	5.0
tt4703920	10.0	5.0
tt4703926	10.0	5.0
tt4703928	10.0	5.0
tt4703932	10.0	5.0
tt4703934	10.0	5.0
tt4703940	10.0	5.0
tt4703942	10.0	5.0
tt4703956	10.0	5.0
tt4703958	10.0	5.0
tt4703960	10.0	5.0
tt4703962	10.0	5.0
tt4703964	10.0	5.0
tt4703966	10.0	5.0
tt4703968	10.0	5.0
tt4703970	10.0	5.0
tt4703974	10.0	5.0
tt4703976	10.0	5.0
tt4703978	10.0	5.0
tt4703980	10.0	5.0
tt4703984	10.0	5.0
tt4703988	10.0	5.0
tt4703990	10.0	5.0
tt4703992	10.0	5.0
tt4703996	10.0	5.0
tt4703998	10.0	5.0
tt4704002	10.0	5.0
tt4705742	10.0	5.0
tt4705746	10.0	5.0
tt4705750	10.0	5.0
tt4705752	10.0	5.0
tt4705754	10.0	5.0
tt4705760	10.0	5.0
tt4705770	10.0	5.0
tt4705772	10.0	5.0
tt4705776	10.0	5.0
tt4705780	10.0	5.0
tt4705782	10.0	5.0
tt4705786	10.0	5.0
tt4705792	10.0	5.0
tt4705796	10.0	5.0
tt4705800	10.0	5.0
tt4705806	10.0	5.0
tt4705808	10.0	5.0
tt4705814	10.0	5.0
tt4705816	10.0	5.0
tt4705820	10.0	5.0
tt4705822	10.0	5.0
tt4705828	10.0	5.0
tt4705832	10.0	5.0
tt4705836	10.0	5.0
tt4705852	10.0	5.0
tt4705856	10.0	5.0
tt4705860	10.0	5.0
tt4705864	10.0	5.0
tt4705868	10.0	5.0
tt4705870	10.0	5.0
tt4705878	10.0	5.0
tt4705890	10.0	5.0
tt4705894	10.0	5.0
tt4705898	10.0	5.0
tt4705912	10.0	5.0
tt4705916	10.0	5.0
tt4705922	10.0	5.0
tt4705932	10.0	5.0
tt4705954	10.0	5.0
tt4705960	10.0	5.0
tt4705966	10.0	5.0
tt4705972	10.0	5.0
tt4705980	10.0	5.0
tt4705984	10.0	5.0
tt4705992	10.0	5.0
tt4705998	10.0	5.0
tt4706002	10.0	5.0
tt4706010	10.0	5.0
tt4706018	10.0	5.0
tt4706024	10.0	5.0
tt4706030	10.0	5.0
tt4706036	10.0	5.0
tt4706042	10.0	5.0
tt4706050	10.0	5.0
tt4706058	10.0	5.0
tt4707230	10.0	5.0
tt4707838	10.0	5.0
tt4707844	10.0	5.0
tt4707852	10.0	5.0
tt4707856	10.0	5.0
tt4707890	10.0	5.0
tt4707894	10.0	5.0
tt4707902	10.0	5.0
tt4707906	10.0	5.0
tt4707908	10.0	5.0
tt4707910	10.0	5.0
tt4707914	10.0	5.0
tt4707916	10.0	5.0
tt4707920	10.0	5.0
tt4707926	10.0	5.0
tt4707930	10.0	5.0
tt4707934	10.0	5.0
tt4707936	10.0	5.0
tt4707938	10.0	5.0
tt4707992	10.0	5.0
tt4707998	10.0	5.0
tt4708000	10.0	5.0
tt4708006	10.0	5.0
tt4708010	10.0	5.0
tt4708054	10.0	5.0
tt4708058	10.0	5.0
tt4708062	10.0	5.0
tt4708064	10.0	5.0
tt4708070	10.0	5.0
tt4708092	10.0	5.0
tt4708108	10.0	5.0
tt4708110	10.0	5.0
tt4708114	10.0	5.0
tt4708116	10.0	5.0
tt4708118	10.0	5.0
tt4708120	10.0	5.0
tt4708130	10.0	5.0
tt4708132	10.0	5.0
tt4708138	10.0	5.0
tt4708142	10.0	5.0
tt4708144	10.0	5.0
tt4708146	10.0	5.0
tt4708148	10.0	5.0
tt4708150	10.0	5.0
tt4708152	10.0	5.0
tt4708154	10.0	5.0
tt4708158	10.0	5.0
tt4708160	10.0	5.0
tt4708162	10.0	5.0
tt4708164	10.0	5.0
tt4708174	10.0	5.0
tt4708180	10.0	5.0
tt4708182	10.0	5.0
tt4708184	10.0	5.0
tt4708188	10.0	5.0
tt4708192	10.0	5.0
tt4708198	10.0	5.0
tt4708206	10.0	5.0
tt4708210	10.0	5.0
tt4708216	10.0	5.0
tt4708228	10.0	5.0
tt4708236	10.0	5.0
tt4708248	10.0	5.0
tt4708250	10.0	5.0
tt4708254	10.0	5.0
tt4708256	10.0	5.0
tt4708260	10.0	5.0
tt4715266	10.0	6.0
tt4715274	10.0	6.0
tt4715284	10.0	6.0
tt4715292	10.0	6.0
tt4715304	10.0	6.0
tt4715318	10.0	6.0
tt4715324	10.0	6.0
tt4715328	10.0	6.0
tt4715330	10.0	6.0
tt4715334	10.0	6.0
tt4715338	10.0	6.0
tt4715342	10.0	6.0
tt4715380	10.0	6.0
tt4716684	10.0	5.0
tt4716690	10.0	5.0
tt4716700	10.0	5.0
tt4716706	10.0	5.0
tt4716710	10.0	5.0
tt4716714	10.0	5.0
tt4716720	10.0	5.0
tt4716756	10.0	5.0
tt4716758	10.0	5.0
tt4716760	10.0	5.0
tt4716764	10.0	6.0
tt4716770	10.0	6.0
tt4716774	10.0	6.0
tt4716780	10.0	6.0
tt4716782	10.0	6.0
tt4716786	10.0	6.0
tt4716788	10.0	6.0
tt4716790	10.0	6.0
tt4716794	10.0	6.0
tt4716798	10.0	6.0
tt4717688	10.0	6.0
tt4717692	10.0	6.0
tt4717696	10.0	6.0
tt4717700	10.0	7.0
tt4717708	10.0	6.0
tt4717710	10.0	6.0
tt4717712	10.0	6.0
tt4717720	10.0	6.0
tt4717724	10.0	6.0
tt4717728	10.0	6.0
tt4717734	10.0	6.0
tt4717740	10.0	6.0
tt4717744	10.0	6.0
tt4717748	10.0	6.0
tt4717750	10.0	6.0
tt4717760	10.0	6.0
tt4717772	10.0	6.0
tt4717774	10.0	6.0
tt4717782	10.0	6.0
tt4717786	10.0	6.0
tt4717788	10.0	5.0
tt4717794	10.0	5.0
tt4717800	10.0	5.0
tt4717802	10.0	5.0
tt4717808	10.0	5.0
tt4717824	10.0	5.0
tt4717832	10.0	5.0
tt4717836	10.0	5.0
tt4717842	10.0	5.0
tt4717846	10.0	5.0
tt4717852	10.0	5.0
tt4717858	10.0	5.0
tt4719212	10.0	6.0
tt4719214	10.0	6.0
tt4719230	10.0	6.0
tt4719242	10.0	6.0
tt4719246	10.0	6.0
tt4719250	10.0	6.0
tt4719252	10.0	6.0
tt4719256	10.0	6.0
tt4719258	10.0	6.0
tt4719260	10.0	6.0
tt4719262	10.0	6.0
tt4719266	10.0	6.0
tt4719272	10.0	6.0
tt4719276	10.0	6.0
tt4719278	10.0	6.0
tt4719284	10.0	6.0
tt4719286	10.0	6.0
tt4719290	10.0	6.0
tt4719292	10.0	6.0
tt4719296	10.0	6.0
tt4720270	10.0	5.0
tt4720272	10.0	5.0
tt4720276	10.0	5.0
tt4720278	10.0	5.0
tt4720280	10.0	5.0
tt4720282	10.0	5.0
tt4720296	10.0	5.0
tt4720302	10.0	5.0
tt4720310	10.0	5.0
tt4720312	10.0	5.0
tt4720314	10.0	5.0
tt4720318	10.0	5.0
tt4720322	10.0	5.0
tt4720324	10.0	5.0
tt4720326	10.0	5.0
tt4720328	10.0	5.0
tt4720334	10.0	5.0
tt4720338	10.0	5.0
tt4720342	10.0	5.0
tt4720350	10.0	5.0
tt4720354	10.0	5.0
tt4720356	10.0	5.0
tt4720368	10.0	5.0
tt4720378	10.0	5.0
tt4720396	10.0	5.0
tt4720410	10.0	5.0
tt4720418	10.0	5.0
tt4720432	10.0	5.0
tt4720434	10.0	5.0
tt4720436	10.0	5.0
tt4720454	10.0	5.0
tt4720458	10.0	5.0
tt4720474	10.0	5.0
tt4720488	10.0	5.0
tt4720490	10.0	5.0
tt4720496	10.0	5.0
tt4720502	10.0	5.0
tt4720508	10.0	5.0
tt4720512	10.0	5.0
tt4720536	10.0	5.0
tt4720756	10.0	5.0
tt4720760	10.0	5.0
tt4720762	10.0	5.0
tt4721588	10.0	6.0
tt4721590	10.0	6.0
tt4721594	10.0	6.0
tt4721598	10.0	6.0
tt4721600	10.0	6.0
tt4721606	10.0	6.0
tt4721610	10.0	6.0
tt4721614	10.0	6.0
tt4721620	10.0	6.0
tt4721622	10.0	6.0
tt4721624	10.0	6.0
tt4721626	10.0	6.0
tt4721628	10.0	5.0
tt4721630	10.0	5.0
tt4721632	10.0	6.0
tt4721634	10.0	6.0
tt4721636	10.0	6.0
tt4721638	10.0	6.0
tt4721642	10.0	6.0
tt4721646	10.0	5.0
tt4721650	10.0	5.0
tt4721662	10.0	6.0
tt4721664	10.0	6.0
tt4721668	10.0	6.0
tt4721672	10.0	6.0
tt4721674	10.0	6.0
tt4721728	10.0	6.0
tt4721730	10.0	6.0
tt4721734	10.0	6.0
tt4721744	10.0	6.0
tt4721748	10.0	6.0
tt4721758	10.0	6.0
tt4721762	10.0	6.0
tt4721770	10.0	6.0
tt4721778	10.0	6.0
tt4721782	10.0	6.0
tt4721786	10.0	6.0
tt4721798	10.0	6.0
tt4721806	10.0	6.0
tt4721808	10.0	6.0
tt4721812	10.0	6.0
tt4721874	10.0	6.0
tt4722404	10.0	5.0
tt4722406	10.0	5.0
tt4722408	10.0	5.0
tt4722410	10.0	5.0
tt4722414	10.0	5.0
tt4722418	10.0	5.0
tt4722420	10.0	5.0
tt4722422	10.0	5.0
tt4722896	10.0	5.0
tt4722898	10.0	5.0
tt4722900	10.0	5.0
tt4722920	10.0	6.0
tt4722924	10.0	6.0
tt4722928	10.0	6.0
tt4722930	10.0	6.0
tt4722934	10.0	6.0
tt4722938	10.0	6.0
tt4722940	10.0	6.0
tt4722946	10.0	6.0
tt4722948	10.0	6.0
tt4722950	10.0	6.0
tt4722954	10.0	6.0
tt4722956	10.0	6.0
tt4722962	10.0	6.0
tt4722964	10.0	6.0
tt4722968	10.0	6.0
tt4722970	10.0	6.0
tt4722974	10.0	6.0
tt4722976	10.0	6.0
tt4722980	10.0	6.0
tt4722982	10.0	6.0
tt4722984	10.0	6.0
tt4722992	10.0	6.0
tt4722994	10.0	6.0
tt4722996	10.0	6.0
tt4722998	10.0	6.0
tt4723004	10.0	6.0
tt4723010	10.0	6.0
tt4723012	10.0	6.0
tt4723014	10.0	6.0
tt4723016	10.0	6.0
tt4723034	10.0	6.0
tt4723036	10.0	6.0
tt4723038	10.0	6.0
tt4723042	10.0	6.0
tt4723044	10.0	6.0
tt4723046	10.0	6.0
tt4723050	10.0	6.0
tt4723054	10.0	6.0
tt4723056	10.0	6.0
tt4724290	10.0	5.0
tt4724294	10.0	5.0
tt4724308	10.0	5.0
tt4724310	10.0	5.0
tt4724314	10.0	5.0
tt4724386	10.0	5.0
tt4724420	10.0	5.0
tt4724426	10.0	5.0
tt4724448	10.0	5.0
tt4724452	10.0	5.0
tt4724596	10.0	5.0
tt4724666	10.0	5.0
tt4724674	10.0	5.0
tt4724692	10.0	5.0
tt4724698	10.0	5.0
tt4725234	10.0	6.0
tt4725236	10.0	6.0
tt4725240	10.0	6.0
tt4725244	10.0	6.0
tt4725246	10.0	6.0
tt4725250	10.0	6.0
tt4727308	10.0	6.0
tt4727312	10.0	6.0
tt4727348	10.0	6.0
tt4727430	10.0	6.0
tt4727438	10.0	6.0
tt4727442	10.0	6.0
tt4727446	10.0	6.0
tt4727448	10.0	6.0
tt4727450	10.0	6.0
tt4727458	10.0	6.0
tt4727482	10.0	6.0
tt4727484	10.0	6.0
tt4727494	10.0	6.0
tt4727498	10.0	6.0
tt4727500	10.0	6.0
tt4727504	10.0	6.0
tt4727510	10.0	6.0
tt4727516	10.0	6.0
tt4727522	10.0	6.0
tt4727524	10.0	6.0
tt4727528	10.0	6.0
tt4727532	10.0	6.0
tt4727538	10.0	6.0
tt4728420	10.0	5.0
tt4728468	10.0	5.0
tt4728470	10.0	5.0
tt4728472	10.0	5.0
tt4728474	10.0	5.0
tt4728476	10.0	5.0
tt4728478	10.0	5.0
tt4728480	10.0	5.0
tt4728484	10.0	5.0
tt4728486	10.0	5.0
tt4728488	10.0	5.0
tt4728494	10.0	5.0
tt4728496	10.0	5.0
tt4728498	10.0	5.0
tt4728502	10.0	5.0
tt4728506	10.0	5.0
tt4728510	10.0	5.0
tt4728512	10.0	5.0
tt4728514	10.0	5.0
tt4728516	10.0	5.0
tt4728518	10.0	5.0
tt4738714	10.0	5.0
tt4738766	10.0	5.0
tt4738770	10.0	5.0
tt4738780	10.0	5.0
tt4738784	10.0	5.0
tt4738786	10.0	5.0
tt4738788	10.0	5.0
tt4738790	10.0	5.0
tt4738792	10.0	5.0
tt4738796	10.0	5.0
tt4738800	10.0	5.0
tt4738804	10.0	5.0
tt4738808	10.0	5.0
tt4738814	10.0	5.0
tt4738820	10.0	5.0
tt4738824	10.0	5.0
tt4738830	10.0	5.0
tt4738836	10.0	5.0
tt4738840	10.0	5.0
tt4738846	10.0	5.0
tt4738850	10.0	5.0
tt4738852	10.0	5.0
tt4741760	10.0	6.0
tt4741766	10.0	6.0
tt4742298	10.0	6.0
tt4742310	10.0	6.0
tt4742316	10.0	6.0
tt4742322	10.0	6.0
tt4742326	10.0	6.0
tt4742336	10.0	6.0
tt4742344	10.0	6.0
tt4742364	10.0	5.0
tt4742370	10.0	5.0
tt4742378	10.0	5.0
tt4742388	10.0	5.0
tt4742392	10.0	5.0
tt4742402	10.0	5.0
tt4742406	10.0	5.0
tt4742414	10.0	5.0
tt4742418	10.0	5.0
tt4742420	10.0	5.0
tt4742640	10.0	5.0
tt4742646	10.0	5.0
tt4742652	10.0	5.0
tt4742658	10.0	5.0
tt4742662	10.0	5.0
tt4742674	10.0	5.0
tt4742676	10.0	5.0
tt4742680	10.0	5.0
tt4742684	10.0	5.0
tt4742688	10.0	5.0
tt4742696	10.0	5.0
tt4742702	10.0	5.0
tt4742714	10.0	5.0
tt4742724	10.0	5.0
tt4742730	10.0	5.0
tt4742734	10.0	5.0
tt4742742	10.0	5.0
tt4742750	10.0	5.0
tt4742754	10.0	5.0
tt4742760	10.0	5.0
tt4742768	10.0	5.0
tt4742770	10.0	5.0
tt4742780	10.0	5.0
tt4742788	10.0	5.0
tt4742954	10.0	5.0
tt4742966	10.0	5.0
tt4742968	10.0	5.0
tt4742982	10.0	5.0
tt4742992	10.0	5.0
tt4743000	10.0	5.0
tt4743008	10.0	5.0
tt4743010	10.0	5.0
tt4743014	10.0	5.0
tt4743016	10.0	5.0
tt4743028	10.0	5.0
tt4743054	10.0	5.0
tt4743060	10.0	5.0
tt4743064	10.0	5.0
tt4743070	10.0	5.0
tt4743082	10.0	5.0
tt4743088	10.0	5.0
tt4743098	10.0	5.0
tt4743102	10.0	5.0
tt4743108	10.0	5.0
tt4743118	10.0	5.0
tt4743128	10.0	5.0
tt4743130	10.0	5.0
tt4743136	10.0	5.0
tt4743144	10.0	5.0
tt4743148	10.0	5.0
tt4743154	10.0	5.0
tt4743156	10.0	5.0
tt4743160	10.0	5.0
tt4743164	10.0	5.0
tt4743176	10.0	5.0
tt4743182	10.0	5.0
tt4743186	10.0	5.0
tt4743188	10.0	5.0
tt4743194	10.0	5.0
tt4743198	10.0	5.0
tt4743202	10.0	5.0
tt4743208	10.0	5.0
tt4743214	10.0	5.0
tt4743222	10.0	5.0
tt4743230	10.0	5.0
tt4743240	10.0	5.0
tt4743242	10.0	5.0
tt4743256	10.0	5.0
tt4743262	10.0	5.0
tt4743264	10.0	5.0
tt4743272	10.0	5.0
tt4743276	10.0	5.0
tt4743288	10.0	5.0
tt4743294	10.0	5.0
tt4743296	10.0	5.0
tt4743308	10.0	5.0
tt4743314	10.0	5.0
tt4743324	10.0	5.0
tt4743330	10.0	5.0
tt4743334	10.0	5.0
tt4743336	10.0	5.0
tt4743342	10.0	5.0
tt4743344	10.0	5.0
tt4743352	10.0	5.0
tt4743354	10.0	5.0
tt4743358	10.0	5.0
tt4743360	10.0	5.0
tt4743368	10.0	5.0
tt4743372	10.0	5.0
tt4743374	10.0	5.0
tt4743378	10.0	5.0
tt4743392	10.0	6.0
tt4743396	10.0	6.0
tt4744328	10.0	6.0
tt4744332	10.0	6.0
tt4744334	10.0	6.0
tt4744336	10.0	6.0
tt4744342	10.0	6.0
tt4744348	10.0	6.0
tt4744350	10.0	6.0
tt4744362	10.0	6.0
tt4744364	10.0	6.0
tt4744366	10.0	6.0
tt4744370	10.0	6.0
tt4744374	10.0	6.0
tt4747892	10.0	6.0
tt4747900	10.0	6.0
tt4747902	10.0	6.0
tt4747904	10.0	6.0
tt4747906	10.0	6.0
tt4747908	10.0	6.0
tt4747910	10.0	6.0
tt4747912	10.0	6.0
tt4747916	10.0	6.0
tt4747918	10.0	6.0
tt4747922	10.0	6.0
tt4747924	10.0	6.0
tt4747926	10.0	6.0
tt4747928	10.0	6.0
tt4747930	10.0	6.0
tt4747934	10.0	6.0
tt4747936	10.0	6.0
tt4747938	10.0	6.0
tt4747940	10.0	6.0
tt4747942	10.0	6.0
tt4747944	10.0	6.0
tt4747946	10.0	6.0
tt4747948	10.0	6.0
tt4747950	10.0	6.0
tt4747952	10.0	6.0
tt4747954	10.0	6.0
tt4747956	10.0	6.0
tt4747958	10.0	6.0
tt4747960	10.0	6.0
tt4747962	10.0	6.0
tt4747964	10.0	6.0
tt4747966	10.0	6.0
tt4747968	10.0	6.0
tt4747970	10.0	6.0
tt4747972	10.0	6.0
tt4747974	10.0	6.0
tt4747978	10.0	6.0
tt4747980	10.0	6.0
tt4747982	10.0	6.0
tt4747984	10.0	6.0
tt4747986	10.0	6.0
tt4747988	10.0	6.0
tt4747990	10.0	6.0
tt4747992	10.0	6.0
tt4747994	10.0	6.0
tt4747996	10.0	6.0
tt4747998	10.0	6.0
tt4748000	10.0	6.0
tt4748002	10.0	6.0
tt4748004	10.0	6.0
tt4748008	10.0	6.0
tt4748010	10.0	6.0
tt4748012	10.0	6.0
tt4748014	10.0	6.0
tt4748016	10.0	6.0
tt4748018	10.0	6.0
tt4748020	10.0	6.0
tt4748024	10.0	6.0
tt4748026	10.0	6.0
tt4748030	10.0	6.0
tt4748032	10.0	6.0
tt4748034	10.0	6.0
tt4748036	10.0	6.0
tt4748038	10.0	6.0
tt4748040	10.0	6.0
tt4748042	10.0	6.0
tt4748048	10.0	6.0
tt4748050	10.0	6.0
tt4748052	10.0	6.0
tt4748054	10.0	6.0
tt4748056	10.0	6.0
tt4748058	10.0	6.0
tt4748060	10.0	6.0
tt4748062	10.0	6.0
tt4748064	10.0	6.0
tt4748066	10.0	6.0
tt4748068	10.0	6.0
tt4748070	10.0	6.0
tt4748072	10.0	6.0
tt4748074	10.0	6.0
tt4748076	10.0	6.0
tt4748078	10.0	6.0
tt4748082	10.0	6.0
tt4748084	10.0	6.0
tt4748088	10.0	6.0
tt4748090	10.0	6.0
tt4748092	10.0	6.0
tt4748096	10.0	6.0
tt4748098	10.0	6.0
tt4748102	10.0	6.0
tt4748108	10.0	6.0
tt4748114	10.0	6.0
tt4748134	10.0	6.0
tt4748150	10.0	6.0
tt4748152	10.0	6.0
tt4748154	10.0	6.0
tt4748156	10.0	6.0
tt4748162	10.0	6.0
tt4748164	10.0	6.0
tt4748168	10.0	6.0
tt4748170	10.0	6.0
tt4748172	10.0	6.0
tt4748178	10.0	6.0
tt4748330	10.0	6.0
tt4748332	10.0	6.0
tt4748334	10.0	6.0
tt4748336	10.0	6.0
tt4748340	10.0	6.0
tt4748344	10.0	6.0
tt4748346	10.0	6.0
tt4748348	10.0	6.0
tt4748350	10.0	6.0
tt4748352	10.0	6.0
tt4748354	10.0	6.0
tt4748358	10.0	6.0
tt4748360	10.0	6.0
tt4748364	10.0	6.0
tt4748366	10.0	6.0
tt4748368	10.0	6.0
tt4748370	10.0	6.0
tt4748374	10.0	6.0
tt4748376	10.0	6.0
tt4748378	10.0	6.0
tt4748380	10.0	6.0
tt4748382	10.0	6.0
tt4748384	10.0	6.0
tt4748388	10.0	6.0
tt4748392	10.0	6.0
tt4748394	10.0	6.0
tt4748396	10.0	6.0
tt4748400	10.0	6.0
tt4748402	10.0	6.0
tt4748406	10.0	6.0
tt4748410	10.0	6.0
tt4748412	10.0	6.0
tt4748414	10.0	6.0
tt4748420	10.0	6.0
tt4755298	10.0	5.0
tt4755300	10.0	5.0
tt4755302	10.0	5.0
tt4755304	10.0	5.0
tt4755306	10.0	5.0
tt4755308	10.0	5.0
tt4755310	10.0	5.0
tt4755314	10.0	5.0
tt4755318	10.0	5.0
tt4755320	10.0	5.0
tt4755322	10.0	5.0
tt4755324	10.0	5.0
tt4755326	10.0	5.0
tt4755328	10.0	5.0
tt4755332	10.0	5.0
tt4755334	10.0	5.0
tt4755342	10.0	5.0
tt4755344	10.0	5.0
tt4755348	10.0	5.0
tt4755350	10.0	5.0
tt4755352	10.0	5.0
tt4755354	10.0	5.0
tt4755356	10.0	5.0
tt4755358	10.0	5.0
tt4755360	10.0	5.0
tt4755362	10.0	5.0
tt4755364	10.0	5.0
tt4755366	10.0	5.0
tt4755368	10.0	5.0
tt4755372	10.0	5.0
tt4755374	10.0	5.0
tt4755376	10.0	5.0
tt4755378	10.0	5.0
tt4755380	10.0	5.0
tt4755382	10.0	5.0
tt4755386	10.0	5.0
tt4755390	10.0	5.0
tt4755392	10.0	5.0
tt4755394	10.0	5.0
tt4755396	10.0	5.0
tt4755400	10.0	5.0
tt4755402	10.0	5.0
tt4757702	10.0	5.0
tt4757704	10.0	5.0
tt4757706	10.0	5.0
tt4757708	10.0	5.0
tt4757712	10.0	5.0
tt4757714	10.0	5.0
tt4757718	10.0	5.0
tt4757722	10.0	5.0
tt4757724	10.0	6.0
tt4757726	10.0	6.0
tt4757728	10.0	6.0
tt4757730	10.0	6.0
tt4757732	10.0	6.0
tt4757736	10.0	6.0
tt4757738	10.0	6.0
tt4757740	10.0	6.0
tt4757744	10.0	6.0
tt4757746	10.0	6.0
tt4757748	10.0	6.0
tt4757750	10.0	6.0
tt4757752	10.0	6.0
tt4757754	10.0	6.0
tt4757756	10.0	6.0
tt4757758	10.0	6.0
tt4757762	10.0	6.0
tt4757764	10.0	6.0
tt4757766	10.0	6.0
tt4757768	10.0	6.0
tt4757770	10.0	6.0
tt4757772	10.0	6.0
tt4757774	10.0	6.0
tt4757776	10.0	6.0
tt4757778	10.0	6.0
tt4757780	10.0	6.0
tt4757782	10.0	6.0
tt4757784	10.0	6.0
tt4757786	10.0	6.0
tt4757788	10.0	6.0
tt4757790	10.0	6.0
tt4757792	10.0	6.0
tt4757794	10.0	6.0
tt4757800	10.0	6.0
tt4757802	10.0	6.0
tt4757804	10.0	6.0
tt4757806	10.0	6.0
tt4757808	10.0	6.0
tt4757810	10.0	6.0
tt4757812	10.0	6.0
tt4757814	10.0	6.0
tt4757816	10.0	6.0
tt4757818	10.0	6.0
tt4757820	10.0	6.0
tt4757822	10.0	6.0
tt4757824	10.0	6.0
tt4757826	10.0	6.0
tt4757828	10.0	6.0
tt4757830	10.0	6.0
tt4757834	10.0	6.0
tt4757836	10.0	6.0
tt4757838	10.0	6.0
tt4757840	10.0	6.0
tt4757842	10.0	6.0
tt4757844	10.0	6.0
tt4757846	10.0	5.0
tt4757850	10.0	6.0
tt4757854	10.0	6.0
tt4757856	10.0	6.0
tt4757858	10.0	6.0
tt4757862	10.0	6.0
tt4757864	10.0	6.0
tt4757868	10.0	6.0
tt4757870	10.0	6.0
tt4757872	10.0	6.0
tt4757874	10.0	6.0
tt4757876	10.0	6.0
tt4757878	10.0	6.0
tt4757880	10.0	6.0
tt4757882	10.0	6.0
tt4757884	10.0	6.0
tt4757886	10.0	6.0
tt4757896	10.0	6.0
tt4757898	10.0	6.0
tt4757900	10.0	6.0
tt4757902	10.0	6.0
tt4757904	10.0	6.0
tt4757906	10.0	6.0
tt4757908	10.0	6.0
tt4757910	10.0	6.0
tt4757914	10.0	6.0
tt4757916	10.0	6.0
tt4757918	10.0	6.0
tt4757920	10.0	6.0
tt4757922	10.0	6.0
tt4757924	10.0	6.0
tt4757926	10.0	6.0
tt4757928	10.0	6.0
tt4757930	10.0	6.0
tt4757932	10.0	6.0
tt4757934	10.0	6.0
tt4757948	10.0	6.0
tt4757950	10.0	6.0
tt4757952	10.0	6.0
tt4757954	10.0	6.0
tt4757956	10.0	6.0
tt4757962	10.0	6.0
tt4757964	10.0	6.0
tt4757966	10.0	6.0
tt4757968	10.0	6.0
tt4757974	10.0	6.0
tt4757976	10.0	6.0
tt4757978	10.0	6.0
tt4757980	10.0	6.0
tt4757984	10.0	6.0
tt4758000	10.0	6.0
tt4758002	10.0	6.0
tt4758004	10.0	6.0
tt4758006	10.0	6.0
tt4758008	10.0	6.0
tt4758010	10.0	6.0
tt4758012	10.0	6.0
tt4758020	10.0	6.0
tt4758022	10.0	6.0
tt4758026	10.0	6.0
tt4758028	10.0	6.0
tt4758030	10.0	6.0
tt4758032	10.0	6.0
tt4758034	10.0	6.0
tt4758038	10.0	6.0
tt4758040	10.0	6.0
tt4758042	10.0	6.0
tt4758044	10.0	6.0
tt4758046	10.0	6.0
tt4758048	10.0	6.0
tt4758052	10.0	6.0
tt4758054	10.0	6.0
tt4758058	10.0	6.0
tt4758060	10.0	6.0
tt4758062	10.0	6.0
tt4758064	10.0	6.0
tt4758068	10.0	6.0
tt4758070	10.0	6.0
tt4758072	10.0	6.0
tt4758074	10.0	6.0
tt4758076	10.0	6.0
tt4758080	10.0	6.0
tt4758082	10.0	6.0
tt4758084	10.0	6.0
tt4758088	10.0	6.0
tt4758092	10.0	6.0
tt4758094	10.0	6.0
tt4758096	10.0	6.0
tt4758098	10.0	6.0
tt4758100	10.0	6.0
tt4758102	10.0	6.0
tt4758110	10.0	6.0
tt4758112	10.0	6.0
tt4758114	10.0	6.0
tt4758116	10.0	6.0
tt4758118	10.0	6.0
tt4758120	10.0	6.0
tt4758122	10.0	6.0
tt4758124	10.0	6.0
tt4758132	10.0	6.0
tt4758134	10.0	6.0
tt4758136	10.0	6.0
tt4758140	10.0	6.0
tt4758142	10.0	6.0
tt4758144	10.0	6.0
tt4758146	10.0	6.0
tt4758148	10.0	6.0
tt4758150	10.0	6.0
tt4758152	10.0	6.0
tt4758156	10.0	6.0
tt4758158	10.0	6.0
tt4758162	10.0	6.0
tt4758164	10.0	6.0
tt4758166	10.0	6.0
tt4758170	10.0	6.0
tt4758172	10.0	6.0
tt4758174	10.0	6.0
tt4758176	10.0	6.0
tt4758178	10.0	6.0
tt4758180	10.0	6.0
tt4758182	10.0	6.0
tt4758184	10.0	6.0
tt4758186	10.0	6.0
tt4758188	10.0	6.0
tt4758190	10.0	6.0
tt4758194	10.0	6.0
tt4758196	10.0	6.0
tt4758198	10.0	6.0
tt4758200	10.0	6.0
tt4758202	10.0	6.0
tt4758204	10.0	6.0
tt4758206	10.0	6.0
tt4758208	10.0	6.0
tt4758214	10.0	6.0
tt4758216	10.0	6.0
tt4758220	10.0	6.0
tt4758222	10.0	6.0
tt4758224	10.0	6.0
tt4758226	10.0	6.0
tt4758230	10.0	6.0
tt4758232	10.0	6.0
tt4758238	10.0	6.0
tt4758240	10.0	6.0
tt4758242	10.0	6.0
tt4758458	10.0	6.0
tt4758460	10.0	6.0
tt4758462	10.0	6.0
tt4758464	10.0	6.0
tt4758466	10.0	6.0
tt4758468	10.0	6.0
tt4758470	10.0	6.0
tt4758472	10.0	6.0
tt4758474	10.0	6.0
tt4758476	10.0	6.0
tt4758478	10.0	6.0
tt4758480	10.0	6.0
tt4758482	10.0	6.0
tt4758484	10.0	6.0
tt4758486	10.0	6.0
tt4758488	10.0	6.0
tt4758490	10.0	6.0
tt4758494	10.0	5.0
tt4758496	10.0	6.0
tt4758498	10.0	6.0
tt4758500	10.0	6.0
tt4758502	10.0	6.0
tt4758506	10.0	6.0
tt4758508	10.0	5.0
tt4758510	10.0	5.0
tt4758512	10.0	5.0
tt4758514	10.0	5.0
tt4758516	10.0	5.0
tt4758518	10.0	5.0
tt4758522	10.0	5.0
tt4758524	10.0	6.0
tt4758526	10.0	6.0
tt4758530	10.0	6.0
tt4758534	10.0	6.0
tt4758536	10.0	6.0
tt4758538	10.0	6.0
tt4758540	10.0	6.0
tt4758542	10.0	6.0
tt4758544	10.0	6.0
tt4758546	10.0	6.0
tt4758548	10.0	6.0
tt4758582	10.0	6.0
tt4758584	10.0	6.0
tt4758586	10.0	6.0
tt4758590	10.0	6.0
tt4758592	10.0	6.0
tt4758594	10.0	6.0
tt4758598	10.0	6.0
tt4758600	10.0	6.0
tt4758602	10.0	6.0
tt4758604	10.0	6.0
tt4758606	10.0	6.0
tt4758608	10.0	6.0
tt4758610	10.0	6.0
tt4758614	10.0	6.0
tt4758616	10.0	6.0
tt4758618	10.0	6.0
tt4758620	10.0	6.0
tt4758622	10.0	6.0
tt4758624	10.0	6.0
tt4758632	10.0	6.0
tt4758636	10.0	6.0
tt4758638	10.0	6.0
tt4758640	10.0	6.0
tt4758644	10.0	6.0
tt4758648	10.0	6.0
tt4758650	10.0	6.0
tt4758654	10.0	6.0
tt4758656	10.0	6.0
tt4758658	10.0	6.0
tt4758660	10.0	6.0
tt4758662	10.0	6.0
tt4758666	10.0	6.0
tt4758668	10.0	6.0
tt4758672	10.0	6.0
tt4758674	10.0	6.0
tt4758678	10.0	6.0
tt4758688	10.0	6.0
tt4758692	10.0	6.0
tt4758694	10.0	6.0
tt4758696	10.0	6.0
tt4758700	10.0	6.0
tt4758702	10.0	6.0
tt4758704	10.0	6.0
tt4758706	10.0	6.0
tt4758708	10.0	6.0
tt4758712	10.0	6.0
tt4758714	10.0	6.0
tt4758720	10.0	6.0
tt4758722	10.0	6.0
tt4758724	10.0	6.0
tt4758728	10.0	6.0
tt4758730	10.0	6.0
tt4758734	10.0	6.0
tt4758736	10.0	6.0
tt4758740	10.0	6.0
tt4758746	10.0	6.0
tt4758750	10.0	5.0
tt4758752	10.0	5.0
tt4758754	10.0	5.0
tt4758756	10.0	5.0
tt4758758	10.0	5.0
tt4758762	10.0	5.0
tt4758764	10.0	5.0
tt4758766	10.0	5.0
tt4758768	10.0	5.0
tt4758770	10.0	5.0
tt4758774	10.0	5.0
tt4758776	10.0	5.0
tt4758778	10.0	5.0
tt4758780	10.0	5.0
tt4758782	10.0	5.0
tt4758784	10.0	5.0
tt4758786	10.0	5.0
tt4758792	10.0	5.0
tt4758794	10.0	5.0
tt4758798	10.0	5.0
tt4758800	10.0	5.0
tt4758802	10.0	5.0
tt4758808	10.0	5.0
tt4758814	10.0	5.0
tt4758816	10.0	5.0
tt4758822	10.0	5.0
tt4758824	10.0	5.0
tt4758830	10.0	5.0
tt4758832	10.0	5.0
tt4758836	10.0	5.0
tt4758838	10.0	5.0
tt4758840	10.0	5.0
tt4758842	10.0	5.0
tt4758844	10.0	5.0
tt4758846	10.0	5.0
tt4758848	10.0	5.0
tt4758850	10.0	5.0
tt4758852	10.0	5.0
tt4758854	10.0	5.0
tt4758856	10.0	5.0
tt4758858	10.0	5.0
tt4758860	10.0	5.0
tt4758862	10.0	5.0
tt4758864	10.0	5.0
tt4758866	10.0	5.0
tt4758870	10.0	5.0
tt4758876	10.0	5.0
tt4758878	10.0	5.0
tt4758882	10.0	5.0
tt4758884	10.0	5.0
tt4758886	10.0	5.0
tt4758888	10.0	5.0
tt4758890	10.0	5.0
tt4758892	10.0	5.0
tt4758898	10.0	5.0
tt4758900	10.0	5.0
tt4758902	10.0	5.0
tt4758904	10.0	5.0
tt4758910	10.0	5.0
tt4758912	10.0	5.0
tt4758914	10.0	5.0
tt4758916	10.0	5.0
tt4758918	10.0	5.0
tt4758920	10.0	5.0
tt4758922	10.0	5.0
tt4758924	10.0	5.0
tt4758926	10.0	5.0
tt4758928	10.0	5.0
tt4758930	10.0	5.0
tt4758932	10.0	5.0
tt4758934	10.0	5.0
tt4758938	10.0	5.0
tt4758940	10.0	5.0
tt4758942	10.0	5.0
tt4758946	10.0	5.0
tt4758948	10.0	5.0
tt4758952	10.0	5.0
tt4758956	10.0	5.0
tt4758958	10.0	5.0
tt4758960	10.0	5.0
tt4758962	10.0	5.0
tt4758964	10.0	5.0
tt4758966	10.0	5.0
tt4758968	10.0	5.0
tt4758970	10.0	5.0
tt4758972	10.0	5.0
tt4758974	10.0	5.0
tt4758976	10.0	5.0
tt4758978	10.0	5.0
tt4758984	10.0	5.0
tt4758986	10.0	5.0
tt4758988	10.0	5.0
tt4758990	10.0	5.0
tt4758992	10.0	5.0
tt4758994	10.0	5.0
tt4758996	10.0	5.0
tt4759000	10.0	5.0
tt4759002	10.0	5.0
tt4759006	10.0	5.0
tt4759010	10.0	5.0
tt4759012	10.0	5.0
tt4759014	10.0	5.0
tt4759016	10.0	5.0
tt4759018	10.0	5.0
tt4759022	10.0	5.0
tt4759026	10.0	5.0
tt4759028	10.0	5.0
tt4759030	10.0	5.0
tt4759034	10.0	5.0
tt4759038	10.0	5.0
tt4759040	10.0	5.0
tt4759042	10.0	5.0
tt4759044	10.0	5.0
tt4759046	10.0	5.0
tt4759048	10.0	5.0
tt4759052	10.0	5.0
tt4759054	10.0	5.0
tt4759056	10.0	5.0
tt4759058	10.0	5.0
tt4759060	10.0	5.0
tt4759062	10.0	5.0
tt4759064	10.0	5.0
tt4759066	10.0	5.0
tt4759068	10.0	5.0
tt4759070	10.0	5.0
tt4759076	10.0	5.0
tt4759080	10.0	5.0
tt4759082	10.0	5.0
tt4759084	10.0	5.0
tt4759086	10.0	5.0
tt4759088	10.0	5.0
tt4759092	10.0	5.0
tt4759094	10.0	5.0
tt4759096	10.0	5.0
tt4759098	10.0	5.0
tt4759100	10.0	5.0
tt4759102	10.0	5.0
tt4759104	10.0	5.0
tt4759106	10.0	5.0
tt4759108	10.0	5.0
tt4759110	10.0	5.0
tt4759112	10.0	5.0
tt4759114	10.0	5.0
tt4759116	10.0	5.0
tt4759118	10.0	5.0
tt4759120	10.0	5.0
tt4759122	10.0	5.0
tt4759124	10.0	5.0
tt4759126	10.0	5.0
tt4759128	10.0	5.0
tt4759130	10.0	5.0
tt4759134	10.0	5.0
tt4759136	10.0	5.0
tt4759138	10.0	5.0
tt4759142	10.0	5.0
tt4759144	10.0	5.0
tt4759146	10.0	5.0
tt4759148	10.0	5.0
tt4759150	10.0	5.0
tt4759152	10.0	5.0
tt4759156	10.0	5.0
tt4759158	10.0	5.0
tt4779328	10.0	5.0
tt4780874	10.0	7.0
tt4780880	10.0	6.0
tt4780882	10.0	6.0
tt4792318	10.0	12.0
tt4792426	10.0	8.0
tt4792438	10.0	8.0
tt4795514	10.0	7.0
tt4796348	10.0	5.0
tt4822124	10.0	8.0
tt4822458	10.0	8.0
tt4823668	10.0	9.0
tt4830000	10.0	8.0
tt4843460	10.0	181.0
tt4852336	10.0	180.0
tt4860878	10.0	180.0
tt4862978	10.0	180.0
tt4862998	10.0	180.0
tt4863010	10.0	180.0
tt4863024	10.0	180.0
tt4863032	10.0	180.0
tt4863038	10.0	180.0
tt4863046	10.0	183.0
tt4864942	10.0	7.0
tt4864944	10.0	7.0
tt4865674	10.0	7.0
tt4893302	10.0	5.0
tt4911392	10.0	5.0
tt4927496	10.0	13.0
tt4944252	10.0	5.0
tt4944266	10.0	5.0
tt4978948	10.0	6.0
tt4995774	10.0	5.0
tt5016174	10.0	12.0
tt5055344	10.0	9.0
tt5085186	10.0	8.0
tt5085220	10.0	8.0
tt5085262	10.0	8.0
tt5085300	10.0	8.0
tt5120628	10.0	12.0
tt5145388	10.0	5.0
tt5146454	10.0	29.0
tt5153584	10.0	5.0
tt5154452	10.0	9.0
tt5192896	10.0	7.0
tt5202548	10.0	12.0
tt5230762	10.0	8.0
tt5230810	10.0	7.0
tt5230822	10.0	7.0
tt5230826	10.0	7.0
tt5230880	10.0	7.0
tt5239016	10.0	5.0
tt5246294	10.0	5.0
tt5247908	10.0	7.0
tt5249726	10.0	8.0
tt5254326	10.0	8.0
tt5261174	10.0	22.0
tt5261186	10.0	19.0
tt5261200	10.0	15.0
tt5261214	10.0	16.0
tt5261220	10.0	13.0
tt5261224	10.0	13.0
tt5261226	10.0	13.0
tt5261230	10.0	13.0
tt5261234	10.0	13.0
tt5261236	10.0	12.0
tt5261240	10.0	13.0
tt5261272	10.0	13.0
tt5261276	10.0	12.0
tt5261278	10.0	11.0
tt5261280	10.0	13.0
tt5261284	10.0	12.0
tt5261304	10.0	12.0
tt5261308	10.0	10.0
tt5261310	10.0	10.0
tt5261312	10.0	11.0
tt5261314	10.0	10.0
tt5261318	10.0	9.0
tt5261320	10.0	11.0
tt5261322	10.0	10.0
tt5261856	10.0	9.0
tt5261858	10.0	9.0
tt5261860	10.0	9.0
tt5261862	10.0	9.0
tt5261874	10.0	9.0
tt5261876	10.0	9.0
tt5261892	10.0	9.0
tt5261898	10.0	9.0
tt5261948	10.0	7.0
tt5261956	10.0	7.0
tt5261960	10.0	9.0
tt5263548	10.0	7.0
tt5263552	10.0	7.0
tt5263554	10.0	7.0
tt5263556	10.0	7.0
tt5263560	10.0	7.0
tt5263562	10.0	7.0
tt5263566	10.0	7.0
tt5263578	10.0	7.0
tt5263588	10.0	7.0
tt5263590	10.0	7.0
tt5263594	10.0	8.0
tt5263596	10.0	7.0
tt5263598	10.0	7.0
tt5263600	10.0	7.0
tt5263610	10.0	7.0
tt5263612	10.0	7.0
tt5263622	10.0	7.0
tt5263624	10.0	7.0
tt5263626	10.0	7.0
tt5263628	10.0	7.0
tt5263654	10.0	7.0
tt5263666	10.0	8.0
tt5263674	10.0	7.0
tt5263676	10.0	7.0
tt5263680	10.0	7.0
tt5263686	10.0	7.0
tt5263690	10.0	7.0
tt5263696	10.0	7.0
tt5263698	10.0	7.0
tt5264098	10.0	9.0
tt5264106	10.0	7.0
tt5264112	10.0	7.0
tt5264134	10.0	8.0
tt5264136	10.0	6.0
tt5264144	10.0	6.0
tt5264154	10.0	6.0
tt5264160	10.0	6.0
tt5264166	10.0	6.0
tt5264168	10.0	6.0
tt5264170	10.0	7.0
tt5264172	10.0	7.0
tt5264182	10.0	6.0
tt5264186	10.0	6.0
tt5264194	10.0	6.0
tt5264222	10.0	7.0
tt5264230	10.0	6.0
tt5264236	10.0	6.0
tt5264238	10.0	6.0
tt5264280	10.0	6.0
tt5271552	10.0	6.0
tt5271602	10.0	9.0
tt5271618	10.0	6.0
tt5271646	10.0	9.0
tt5271666	10.0	7.0
tt5272962	10.0	6.0
tt5285044	10.0	8.0
tt5288332	10.0	8.0
tt5288706	10.0	9.0
tt5322620	10.0	5.0
tt5322636	10.0	5.0
tt5352108	10.0	8.0
tt5352482	10.0	9.0
tt5358408	10.0	9.0
tt5358466	10.0	10.0
tt5363160	10.0	5.0
tt5368764	10.0	10.0
tt5369122	10.0	9.0
tt5423924	10.0	5.0
tt5432350	10.0	9.0
tt5441170	10.0	10.0
tt5449664	10.0	8.0
tt5472570	10.0	18.0
tt5490822	10.0	8.0
tt5501022	10.0	8.0
tt5511712	10.0	5.0
tt5526590	10.0	7.0
tt5526624	10.0	7.0
tt5530134	10.0	10.0
tt5534126	10.0	8.0
tt5534170	10.0	7.0
tt5539690	10.0	5.0
tt5559434	10.0	6.0
tt5569044	10.0	5.0
tt5575836	10.0	7.0
tt5586528	10.0	7.0
tt5586684	10.0	18.0
tt5589476	10.0	8.0
tt5601952	10.0	6.0
tt5611092	10.0	7.0
tt5614234	10.0	8.0
tt5616780	10.0	8.0
tt5616828	10.0	8.0
tt5627786	10.0	6.0
tt5733830	10.0	6.0
tt5739768	10.0	5.0
tt5745522	10.0	6.0
tt5771718	10.0	8.0
tt5776848	10.0	7.0
tt5783558	10.0	19.0
tt5803012	10.0	7.0
tt5803014	10.0	7.0
tt5803040	10.0	7.0
tt5803052	10.0	7.0
tt5803084	10.0	7.0
tt5808146	10.0	6.0
tt5818630	10.0	8.0
tt5856622	10.0	5.0
tt5884236	10.0	19.0
tt5918936	10.0	9.0
tt5960188	10.0	6.0
tt5966764	10.0	8.0
tt5981516	10.0	8.0
tt5987016	10.0	6.0
tt6001976	10.0	6.0
tt6030536	10.0	6.0
tt6030540	10.0	6.0
tt6047276	10.0	9.0
tt6066840	10.0	5.0
tt6086396	10.0	6.0
tt6113686	10.0	6.0
tt6121616	10.0	12.0
tt6141944	10.0	11.0
tt6157820	10.0	14.0
tt6170668	10.0	5.0
tt6180956	10.0	6.0
tt6202962	10.0	33.0
tt6203462	10.0	8.0
tt6207110	10.0	7.0
tt6227262	10.0	8.0
tt6254640	10.0	7.0
tt6254670	10.0	7.0
tt6263786	10.0	9.0
tt6263808	10.0	9.0
tt6263874	10.0	8.0
tt6264238	10.0	8.0
tt6285468	10.0	8.0
tt6286086	10.0	6.0
tt6288640	10.0	8.0
tt6292024	10.0	6.0
tt6292600	10.0	6.0
tt6297836	10.0	7.0
tt6298290	10.0	9.0
tt6298300	10.0	9.0
tt6298312	10.0	9.0
tt6298318	10.0	9.0
tt6298340	10.0	9.0
tt6304200	10.0	9.0
tt6304256	10.0	9.0
tt6304294	10.0	9.0
tt6304330	10.0	9.0
tt6304346	10.0	9.0
tt6304348	10.0	9.0
tt6304360	10.0	9.0
tt6304378	10.0	9.0
tt6304388	10.0	9.0
tt6304672	10.0	6.0
tt6311898	10.0	6.0
tt6315210	10.0	6.0
tt6320356	10.0	9.0
tt6320360	10.0	9.0
tt6320386	10.0	8.0
tt6328870	10.0	7.0
tt6328882	10.0	7.0
tt6328902	10.0	7.0
tt6328936	10.0	7.0
tt6328968	10.0	7.0
tt6328982	10.0	7.0
tt6328994	10.0	7.0
tt6329010	10.0	7.0
tt6338680	10.0	7.0
tt6338688	10.0	7.0
tt6338690	10.0	7.0
tt6338694	10.0	7.0
tt6338704	10.0	7.0
tt6340952	10.0	5.0
tt6358292	10.0	7.0
tt6358296	10.0	7.0
tt6358298	10.0	7.0
tt6358316	10.0	7.0
tt6358318	10.0	7.0
tt6358324	10.0	7.0
tt6358330	10.0	7.0
tt6363710	10.0	9.0
tt6363718	10.0	7.0
tt6363722	10.0	9.0
tt6367840	10.0	9.0
tt6384748	10.0	5.0
tt6402870	10.0	8.0
tt6433294	10.0	9.0
tt6456800	10.0	7.0
tt6466572	10.0	5.0
tt6468098	10.0	5.0
tt6485758	10.0	22.0
tt6508102	10.0	5.0
tt6510148	10.0	9.0
tt6531694	10.0	7.0
tt6532084	10.0	6.0
tt6534024	10.0	114.0
tt6546760	10.0	111.0
tt6547740	10.0	9.0
tt6547744	10.0	9.0
tt6553936	10.0	9.0
tt6554088	10.0	8.0
tt6554138	10.0	6.0
tt6554164	10.0	8.0
tt6554180	10.0	8.0
tt6554202	10.0	8.0
tt6563210	10.0	10.0
tt6569668	10.0	6.0
tt6583388	10.0	5.0
tt6612624	10.0	6.0
tt6704116	10.0	6.0
tt6731158	10.0	17.0
tt6747124	10.0	8.0
tt6748304	10.0	7.0
tt6791012	10.0	6.0
tt6791016	10.0	6.0
tt6791030	10.0	6.0
tt6813842	10.0	5.0
tt6826260	10.0	5.0
tt6826266	10.0	5.0
tt6826268	10.0	5.0
tt6826272	10.0	5.0
tt6826276	10.0	5.0
tt6826278	10.0	5.0
tt6826280	10.0	5.0
tt6826286	10.0	5.0
tt6826290	10.0	5.0
tt6826296	10.0	6.0
tt6826316	10.0	5.0
tt6826358	10.0	5.0
tt6826360	10.0	5.0
tt6826362	10.0	5.0
tt6826364	10.0	5.0
tt6826374	10.0	5.0
tt6854866	10.0	13.0
tt6860926	10.0	5.0
tt6860950	10.0	5.0
tt6860962	10.0	5.0
tt6883844	10.0	7.0
tt6902154	10.0	6.0
tt6907016	10.0	5.0
tt6907026	10.0	5.0
tt6907044	10.0	5.0
tt6907048	10.0	5.0
tt6907052	10.0	5.0
tt6907058	10.0	5.0
tt6907062	10.0	5.0
tt6926402	10.0	6.0
tt6952910	10.0	7.0
tt6980630	10.0	5.0
tt6980632	10.0	5.0
tt7000932	10.0	10.0
tt7001574	10.0	5.0
tt7001590	10.0	5.0
tt7014094	10.0	5.0
tt7014268	10.0	5.0
tt7025632	10.0	5.0
tt7025640	10.0	5.0
tt7025646	10.0	5.0
tt7025664	10.0	5.0
tt7042570	10.0	10.0
tt7045056	10.0	9.0
tt7045064	10.0	10.0
tt7061878	10.0	5.0
tt7067214	10.0	5.0
tt7079508	10.0	5.0
tt7081352	10.0	5.0
tt7090704	10.0	6.0
tt7107002	10.0	5.0
tt7128674	10.0	5.0
tt7143196	10.0	5.0
tt7143198	10.0	5.0
tt7143208	10.0	6.0
tt7158494	10.0	5.0
tt7165910	10.0	7.0
tt7193354	10.0	5.0
tt7193360	10.0	5.0
tt7193364	10.0	5.0
tt7193366	10.0	5.0
tt7281536	10.0	5.0
tt7298742	10.0	8.0
tt7298744	10.0	19.0
tt7307240	10.0	7.0
tt7314940	10.0	6.0
tt7319278	10.0	7.0
tt7321288	10.0	6.0
tt7332732	10.0	7.0
tt7332786	10.0	7.0
tt7397160	10.0	6.0
tt7406570	10.0	6.0
tt7472314	10.0	20.0
tt7473440	10.0	5.0
tt7534660	10.0	15.0
tt7561282	10.0	7.0
tt7566004	10.0	5.0
tt7568646	10.0	8.0
tt7568658	10.0	8.0
tt7638394	10.0	6.0
tt7660638	10.0	9.0
tt7680442	10.0	7.0
tt7690806	10.0	8.0
tt7691170	10.0	7.0
tt7698622	10.0	6.0
tt7704200	10.0	7.0
tt7704222	10.0	7.0
tt7704232	10.0	7.0
tt7705650	10.0	50.0
tt7712826	10.0	7.0
tt7734298	10.0	6.0
tt7736542	10.0	7.0
tt7761446	10.0	6.0
tt7761448	10.0	6.0
tt7761450	10.0	6.0
tt7767974	10.0	9.0
tt7795700	10.0	5.0
tt7812438	10.0	5.0
tt7845950	10.0	6.0
tt7851324	10.0	6.0
tt7851600	10.0	6.0
tt7856322	10.0	9.0
tt7891478	10.0	6.0
tt7897060	10.0	5.0
tt7923984	10.0	26.0
tt7935590	10.0	8.0
tt7993802	10.0	5.0
tt7998218	10.0	7.0
tt8040896	10.0	13.0
tt8064320	10.0	6.0
tt8066256	10.0	20.0
tt8080628	10.0	5.0
tt8116300	10.0	9.0
tt8116302	10.0	7.0
tt8116312	10.0	9.0
tt8116316	10.0	7.0
tt8116320	10.0	7.0
tt8116322	10.0	8.0
tt8116324	10.0	7.0
tt8116326	10.0	7.0
tt8116332	10.0	8.0
tt8116334	10.0	7.0
tt8116338	10.0	7.0
tt8116346	10.0	7.0
tt8116354	10.0	7.0
tt8116356	10.0	7.0
tt8116360	10.0	7.0
tt8116362	10.0	7.0
tt8116364	10.0	7.0
tt8116366	10.0	7.0
tt8116370	10.0	7.0
tt8116374	10.0	7.0
tt8116376	10.0	7.0
tt8116378	10.0	7.0
tt8116382	10.0	7.0
tt8116386	10.0	7.0
tt8116388	10.0	7.0
tt8116390	10.0	7.0
tt8116392	10.0	7.0
tt8116396	10.0	7.0
tt8116400	10.0	7.0
tt8116402	10.0	7.0
tt8116404	10.0	7.0
tt8116406	10.0	7.0
tt8116412	10.0	7.0
tt8116414	10.0	7.0
tt8116416	10.0	7.0
tt8195594	10.0	6.0
tt8198990	10.0	6.0
tt8215820	10.0	7.0
tt8260208	10.0	8.0
tt8391510	10.0	26.0
tt8512618	10.0	7.0
tt8546068	10.0	43.0
tt8609118	10.0	6.0
tt8735474	10.0	7.0
tt8889970	10.0	7.0
tt8954394	10.0	7.0
tt9159810	10.0	7.0
tt9159820	10.0	7.0
tt9159826	10.0	6.0
tt9159842	10.0	6.0
tt9159864	10.0	6.0
tt9162524	10.0	24.0
tt9441020	10.0	9.0
tt9487806	10.0	6.0
tt9691482	10.0	201.0
tt9748418	10.0	8.0
